"participant_id","part_id","area","age_group","sex","hml_id","hml_id_created_date"
"0035e00000r8fl9AAA","r8fl9AAA","Atlanta","50-59","Female",NA,NA
"0035e00000r8wlDAAQ","r8wlDAAQ","Atlanta","50-59","Female",NA,NA
"0035e00000r91WTAAY","r91WTAAY","Atlanta","50-59","Female",NA,NA
"0035e00000r97zAAAQ","r97zAAAQ","Atlanta","60-69","Female",NA,NA
"0035e00000r9AiqAAE","r9AiqAAE","Atlanta","50-59","Female",NA,NA
"0035e00000r9AuXAAU","r9AuXAAU","Atlanta","50-59","Female",NA,NA
"0035e00000r9II7AAM","r9II7AAM","Atlanta","50-59","Female",NA,NA
"0035e00000r9IiFAAU","r9IiFAAU","Atlanta","60-69","Female",NA,NA
"0035e00000sk933AAA","sk933AAA","Atlanta","70-79","Female",NA,NA
"0035e00000skTLoAAM","skTLoAAM","Atlanta","50-59","Female",NA,NA
"0035e00000skW5aAAE","skW5aAAE","Atlanta","60-69","Female",NA,NA
"0035e00000skc55AAA","skc55AAA","Atlanta","60-69","Female",NA,NA
"0035e00000skjVfAAI","skjVfAAI","Atlanta","50-59","Female",NA,NA
"0035e00000skr7uAAA","skr7uAAA","Atlanta","50-59","Female",NA,NA
"0035e00000skrwYAAQ","skrwYAAQ","Atlanta","50-59","Female",NA,NA
"0035e00000skrz8AAA","skrz8AAA","Atlanta","50-59","Female",NA,NA
"0035e00000sl8WaAAI","sl8WaAAI","Atlanta","60-69","Female",NA,NA
"0035e00000slB0ZAAU","slB0ZAAU","Atlanta","60-69","Female",NA,NA
"0035e00000slNA6AAM","slNA6AAM","Atlanta","50-59","Female",NA,NA
"0035e00000slWhbAAE","slWhbAAE","Atlanta","50-59","Female",NA,NA
"0035e00000slcVPAAY","slcVPAAY","Atlanta","60-69","Female",NA,NA
"0035e00000sloLdAAI","sloLdAAI","Atlanta","70-79","Female",NA,NA
"0035e00000sm7KVAAY","sm7KVAAY","Atlanta","70-79","Female",NA,NA
"0035e00000smAfbAAE","smAfbAAE","Atlanta","60-69","Female",NA,NA
"0035e00000smBv5AAE","smBv5AAE","Atlanta","50-59","Female",NA,NA
"0035e00000smMtuAAE","smMtuAAE","Atlanta","70-79","Female",NA,NA
"0035e00000smXQ1AAM","smXQ1AAM","Atlanta","60-69","Female",NA,NA
"0035e00000smYlgAAE","smYlgAAE","Atlanta","50-59","Female",NA,NA
"0035e00000vI0h2AAC","vI0h2AAC","Atlanta","60-69","Female",NA,NA
"0035e00000vI3yvAAC","vI3yvAAC","Atlanta","60-69","Female",NA,NA
"0035e00000vI4BAAA0","vI4BAAA0","Atlanta","70-79","Female",NA,NA
"0035e00000vIBZ2AAO","vIBZ2AAO","Atlanta","60-69","Female",NA,NA
"0035e00000vIBuyAAG","vIBuyAAG","Atlanta","60-69","Female",NA,NA
"0035e00000vIDyxAAG","vIDyxAAG","Atlanta","50-59","Female",NA,NA
"0035e00000vINOXAA4","vINOXAA4","Atlanta","50-59","Female",NA,NA
"0035e00000vIRuGAAW","vIRuGAAW","Atlanta","50-59","Female",NA,NA
"0035e00000vJ8kyAAC","vJ8kyAAC","Atlanta","70-79","Female",NA,NA
"0035e00000vJUKMAA4","vJUKMAA4","Atlanta","60-69","Female",NA,NA
"0035e00000vJUg3AAG","vJUg3AAG","Atlanta","60-69","Female",NA,NA
"0035e00000vJUlDAAW","vJUlDAAW","Atlanta","70-79","Female",NA,NA
"0035e00000vJVGSAA4","vJVGSAA4","Atlanta","60-69","Female",NA,NA
"0035e00000vJYydAAG","vJYydAAG","Atlanta","60-69","Female",NA,NA
"0035e00000vJZfnAAG","vJZfnAAG","Atlanta","60-69","Female",NA,NA
"0035e00000vJdg9AAC","vJdg9AAC","Atlanta","50-59","Female",NA,NA
"0035e00000vJohgAAC","vJohgAAC","Atlanta","60-69","Female",NA,NA
"0035e00000vJrLkAAK","vJrLkAAK","Atlanta","50-59","Female",NA,NA
"0035e00000vK5KFAA0","vK5KFAA0","Atlanta","60-69","Female",NA,NA
"0035e00000vK7npAAC","vK7npAAC","Atlanta","50-59","Female",NA,NA
"0035e00000vKAqCAAW","vKAqCAAW","Atlanta","60-69","Female",NA,NA
"0035e00000vKB0GAAW","vKB0GAAW","Atlanta","60-69","Female",NA,NA
"0035e00000vKDY6AAO","vKDY6AAO","Atlanta","60-69","Female",NA,NA
"0035e00000vKF3iAAG","vKF3iAAG","Atlanta","70-79","Female",NA,NA
"0035e00000vKFY2AAO","vKFY2AAO","Atlanta","60-69","Female",NA,NA
"0035e00000vKGJSAA4","vKGJSAA4","Atlanta","50-59","Male",NA,NA
"0035e00000vKMIpAAO","vKMIpAAO","Atlanta","60-69","Female",NA,NA
"0035e00000vKPa8AAG","vKPa8AAG","Atlanta","50-59","Female",NA,NA
"0035e00000vKRmLAAW","vKRmLAAW","Atlanta","70-79","Female",NA,NA
"0035e00000vKRvmAAG","vKRvmAAG","Atlanta","50-59","Female",NA,NA
"0035e00000vKS8MAAW","vKS8MAAW","Atlanta","60-69","Female",NA,NA
"0035e00000vKSVkAAO","vKSVkAAO","Atlanta","60-69","Female",NA,NA
"0035e00000vKT9mAAG","vKT9mAAG","Atlanta","60-69","Female",NA,NA
"0035e00000vKW1RAAW","vKW1RAAW","Atlanta","60-69","Female",NA,NA
"0035e00000vKYirAAG","vKYirAAG","Atlanta","70-79","Female",NA,NA
"0035e00000vKbcjAAC","vKbcjAAC","Atlanta","60-69","Female",NA,NA
"0035e00000vKt90AAC","vKt90AAC","Atlanta","60-69","Male",NA,NA
"0035e00000vKzb9AAC","vKzb9AAC","Atlanta","50-59","Female",NA,NA
"0035e00000vL3TwAAK","vL3TwAAK","Atlanta","60-69","Female",NA,NA
"0035e00000vL5spAAC","vL5spAAC","Atlanta","60-69","Female",NA,NA
"0035e00000vL8KbAAK","vL8KbAAK","Atlanta","50-59","Male",NA,NA
"0035e00000vL8ruAAC","vL8ruAAC","Atlanta","50-59","Male",NA,NA
"0035e00000vLC8jAAG","vLC8jAAG","Atlanta","60-69","Female",NA,NA
"0035e00000vLCvlAAG","vLCvlAAG","Atlanta","50-59","Female",NA,NA
"0035e00000vLGgjAAG","vLGgjAAG","Atlanta","50-59","Female",NA,NA
"0035e00000vLIVSAA4","vLIVSAA4","Atlanta","50-59","Female",NA,NA
"0035e00000vLOBTAA4","vLOBTAA4","Atlanta","50-59","Female",NA,NA
"0035e00000vLOfOAAW","vLOfOAAW","Atlanta","60-69","Female",NA,NA
"0035e00000vLOgCAAW","vLOgCAAW","Atlanta","50-59","Female",NA,NA
"0035e00000vLOryAAG","vLOryAAG","Atlanta","70-79","Female",NA,NA
"0035e00000vLQKHAA4","vLQKHAA4","Atlanta","60-69","Female",NA,NA
"0035e00000vLR53AAG","vLR53AAG","Atlanta","70-79","Female",NA,NA
"0035e00000vLXbRAAW","vLXbRAAW","Atlanta","60-69","Female",NA,NA
"0035e00000vLXhTAAW","vLXhTAAW","Atlanta","60-69","Female",NA,NA
"0035e00000vLdf0AAC","vLdf0AAC","Atlanta","50-59","Female",NA,NA
"0035e00000vLfuCAAS","vLfuCAAS","Atlanta","70-79","Female",NA,NA
"0035e00000vLj2tAAC","vLj2tAAC","Atlanta","60-69","Female",NA,NA
"0035e00000vLoavAAC","vLoavAAC","Atlanta","50-59","Female",NA,NA
"0035e00000vLorJAAS","vLorJAAS","Atlanta","50-59","Female",NA,NA
"0035e00000vLpmMAAS","vLpmMAAS","Atlanta","60-69","Female",NA,NA
"0035e00000vLrGYAA0","vLrGYAA0","Atlanta","50-59","Female",NA,NA
"0035e00000vLrIYAA0","vLrIYAA0","Atlanta","50-59","Female",NA,NA
"0035e00000wt1e3AAA","wt1e3AAA","Atlanta","50-59","Female",NA,NA
"0035e00000wt2GvAAI","wt2GvAAI","Atlanta","60-69","Female",NA,NA
"0035e00000wt35SAAQ","wt35SAAQ","Atlanta","50-59","Female",NA,NA
"0035e00000wt5FSAAY","wt5FSAAY","Atlanta","60-69","Female",NA,NA
"0035e00000wt7f5AAA","wt7f5AAA","Atlanta","50-59","Female",NA,NA
"0035e00000wtBe7AAE","wtBe7AAE","Atlanta","60-69","Female",NA,NA
"0035e00000wtGVzAAM","wtGVzAAM","Atlanta","60-69","Female",NA,NA
"0035e00000wtJYtAAM","wtJYtAAM","Atlanta","50-59","Female",NA,NA
"0035e00000wtM2nAAE","wtM2nAAE","Atlanta","60-69","Female",NA,NA
"0035e00000wtMLBAA2","wtMLBAA2","Atlanta","50-59","Male",NA,NA
"0035e00000wtMnAAAU","wtMnAAAU","Atlanta","60-69","Female",NA,NA
"0035e00000wtQ2vAAE","wtQ2vAAE","Atlanta","60-69","Female",NA,NA
"0035e00000wtSuMAAU","wtSuMAAU","Atlanta","50-59","Female",NA,NA
"0035e00000wtT7QAAU","wtT7QAAU","Atlanta","60-69","Female",NA,NA
"0035e00000wtX1BAAU","wtX1BAAU","Atlanta","60-69","Female",NA,NA
"0035e00000wtZGwAAM","wtZGwAAM","Atlanta","70-79","Female",NA,NA
"0035e00000wtZjGAAU","wtZjGAAU","Atlanta","60-69","Female",NA,NA
"0035e00000wtaC6AAI","wtaC6AAI","Atlanta","60-69","Female",NA,NA
"0035e00000wtef4AAA","wtef4AAA","Atlanta","60-69","Female",NA,NA
"0035e00000wtfbsAAA","wtfbsAAA","Atlanta","50-59","Female",NA,NA
"0035e00000wtp2sAAA","wtp2sAAA","Atlanta","50-59","Female",NA,NA
"0035e00000wtpQSAAY","wtpQSAAY","Atlanta","50-59","Female",NA,NA
"0035e00000wtppwAAA","wtppwAAA","Atlanta","70-79","Female",NA,NA
"0035e00000wttXDAAY","wttXDAAY","Atlanta","50-59","Female",NA,NA
"0035e00000wtuGuAAI","wtuGuAAI","Atlanta","60-69","Female",NA,NA
"0035e00000wtxBnAAI","wtxBnAAI","Atlanta","50-59","Female",NA,NA
"0035e00000wu1rFAAQ","wu1rFAAQ","Atlanta","60-69","Female",NA,NA
"0035e00000wu2ybAAA","wu2ybAAA","Atlanta","60-69","Female",NA,NA
"0035e00000wu4wUAAQ","wu4wUAAQ","Atlanta","60-69","Male",NA,NA
"0035e00000wu4y1AAA","wu4y1AAA","Atlanta","50-59","Female",NA,NA
"0035e00000wu4zOAAQ","wu4zOAAQ","Atlanta","60-69","Female",NA,NA
"0035e00000wu5GKAAY","wu5GKAAY","Atlanta","60-69","Female",NA,NA
"0035e00000wu65cAAA","wu65cAAA","Atlanta","70-79","Female",NA,NA
"0035e00000wuAOlAAM","wuAOlAAM","Atlanta","60-69","Female",NA,NA
"0035e00000wuKTqAAM","wuKTqAAM","Atlanta","70-79","Female",NA,NA
"0035e00000wuNZSAA2","wuNZSAA2","Atlanta","60-69","Female",NA,NA
"0035e00000wuT3LAAU","wuT3LAAU","Atlanta","60-69","Female",NA,NA
"0035e00000wuTcZAAU","wuTcZAAU","Atlanta","70-79","Female",NA,NA
"0035e00000wuUHXAA2","wuUHXAA2","Atlanta","60-69","Female",NA,NA
"0035e00000wuW0HAAU","wuW0HAAU","Atlanta","50-59","Female",NA,NA
"0035e00000xFdNcAAK","xFdNcAAK","Atlanta","70-79","Female",NA,NA
"0035e00000xFmvqAAC","xFmvqAAC","Atlanta","50-59","Female",NA,NA
"0035e00000xFnvcAAC","xFnvcAAC","Atlanta","70-79","Female",NA,NA
"0035e00000xFpHXAA0","xFpHXAA0","Atlanta","50-59","Female",NA,NA
"0035e00000xFpPWAA0","xFpPWAA0","Atlanta","50-59","Female",NA,NA
"0035e00000xG2cIAAS","xG2cIAAS","Atlanta","60-69","Female",NA,NA
"0035e00000xG3AaAAK","xG3AaAAK","Atlanta","50-59","Female",NA,NA
"0035e00000xGCPdAAO","xGCPdAAO","Atlanta","50-59","Female",NA,NA
"0035e00000xGD98AAG","xGD98AAG","Atlanta","60-69","Female",NA,NA
"0035e00000xGIbiAAG","xGIbiAAG","Atlanta","60-69","Female",NA,NA
"0035e00000xGJ8DAAW","xGJ8DAAW","Atlanta","50-59","Female",NA,NA
"0035e00000xGUoGAAW","xGUoGAAW","Atlanta","60-69","Female",NA,NA
"0035e00000xGUshAAG","xGUshAAG","Atlanta","60-69","Female",NA,NA
"0035e00000xGVO9AAO","xGVO9AAO","Atlanta","60-69","Female",NA,NA
"0035e00000xGfrQAAS","xGfrQAAS","Atlanta","70-79","Female",NA,NA
"0035e00000xGgXgAAK","xGgXgAAK","Atlanta","50-59","Female",NA,NA
"0035e00000xGjSwAAK","xGjSwAAK","Atlanta","50-59","Female",NA,NA
"0035e00000xGvhsAAC","xGvhsAAC","Atlanta","70-79","Female",NA,NA
"0035e00000xGwcUAAS","xGwcUAAS","Atlanta","70-79","Female",NA,NA
"0035e00000xGy0XAAS","xGy0XAAS","Atlanta","60-69","Female",NA,NA
"0035e00000xGyGLAA0","xGyGLAA0","Atlanta","70-79","Female",NA,NA
"0035e00000xH2syAAC","xH2syAAC","Atlanta","60-69","Male",NA,NA
"0035e00000xHCdaAAG","xHCdaAAG","Atlanta","50-59","Female",NA,NA
"0035e00000xHDtUAAW","xHDtUAAW","Atlanta","70-79","Female",NA,NA
"0035e00000xHESVAA4","xHESVAA4","Atlanta","60-69","Female",NA,NA
"0035e00000xHFPxAAO","xHFPxAAO","Atlanta","70-79","Female",NA,NA
"0035e00000z4rOmAAI","z4rOmAAI","Atlanta","50-59","Female",NA,NA
"0035e00000z4yFGAAY","z4yFGAAY","Atlanta","50-59","Female",NA,NA
"0035e00000z4z9iAAA","z4z9iAAA","Atlanta","60-69","Female",NA,NA
"0035e00000z54txAAA","z54txAAA","Atlanta","60-69","Female",NA,NA
"0035e00000z55hVAAQ","z55hVAAQ","Atlanta","50-59","Female",NA,NA
"0035e00000z55jlAAA","z55jlAAA","Atlanta","50-59","Female",NA,NA
"0035e00000z5An8AAE","z5An8AAE","Atlanta","60-69","Female",NA,NA
"0035e00000z5BRzAAM","z5BRzAAM","Atlanta","60-69","Female",NA,NA
"0035e00000z5BUGAA2","z5BUGAA2","Atlanta","60-69","Female",NA,NA
"0035e00000z5JsLAAU","z5JsLAAU","Atlanta","50-59","Female",NA,NA
"0035e00000z5LYcAAM","z5LYcAAM","Atlanta","50-59","Male",NA,NA
"0035e00000z5bCrAAI","z5bCrAAI","Atlanta","60-69","Female",NA,NA
"0035e00000z5ej2AAA","z5ej2AAA","Atlanta","60-69","Female",NA,NA
"0035e00000z5iqZAAQ","z5iqZAAQ","Atlanta","70-79","Female",NA,NA
"0035e00000z5sr0AAA","z5sr0AAA","Atlanta","60-69","Female",NA,NA
"0035e00000z5tPRAAY","z5tPRAAY","Atlanta","60-69","Female",NA,NA
"0035e00000z5xwDAAQ","z5xwDAAQ","Atlanta","50-59","Female",NA,NA
"0035e00000z62WpAAI","z62WpAAI","Atlanta","60-69","Female",NA,NA
"0035e00000z64IfAAI","z64IfAAI","Atlanta","60-69","Female",NA,NA
"0035e00000z64YYAAY","z64YYAAY","Atlanta","60-69","Female",NA,NA
"0035e00000z6CNOAA2","z6CNOAA2","Atlanta","50-59","Female",NA,NA
"0035e00000z6CUPAA2","z6CUPAA2","Atlanta","60-69","Female",NA,NA
"0035e00000z6DHSAA2","z6DHSAA2","Atlanta","60-69","Female",NA,NA
"0035e00000z6DK1AAM","z6DK1AAM","Atlanta","50-59","Female",NA,NA
"0035e00000z6DXKAA2","z6DXKAA2","Atlanta","50-59","Female",NA,NA
"0035e00000z6DY8AAM","z6DY8AAM","Atlanta","60-69","Female",NA,NA
"0035e00000z6GhhAAE","z6GhhAAE","Atlanta","50-59","Male",NA,NA
"0035e00000z6JCtAAM","z6JCtAAM","Atlanta","50-59","Male",NA,NA
"0035e00000z6KCJAA2","z6KCJAA2","Atlanta","60-69","Female",NA,NA
"0035e00000z6KNCAA2","z6KNCAA2","Atlanta","70-79","Female",NA,NA
"0035e00000z6Nv5AAE","z6Nv5AAE","Atlanta","50-59","Female",NA,NA
"0035e00000z6OU4AAM","z6OU4AAM","Atlanta","50-59","Female",NA,NA
"0035e00000z6OYeAAM","z6OYeAAM","Atlanta","60-69","Male",NA,NA
"0035e00000z6TMoAAM","z6TMoAAM","Atlanta","60-69","Male",NA,NA
"0035e00000z6TmlAAE","z6TmlAAE","Atlanta","70-79","Female",NA,NA
"0035e00000z6gCIAAY","z6gCIAAY","Atlanta","60-69","Female",NA,NA
"0035e00000z6iHOAAY","z6iHOAAY","Atlanta","60-69","Female",NA,NA
"0035e00000z6izGAAQ","z6izGAAQ","Atlanta","60-69","Female",NA,NA
"0035e00000z6tNHAAY","z6tNHAAY","Atlanta","60-69","Female",NA,NA
"0035e00000z6zX1AAI","z6zX1AAI","Atlanta","50-59","Female",NA,NA
"0035e00000z77nPAAQ","z77nPAAQ","Atlanta","50-59","Female",NA,NA
"0035e00000z79lpAAA","z79lpAAA","Atlanta","60-69","Male",NA,NA
"0035e00000z7G8qAAE","z7G8qAAE","Atlanta","50-59","Female",NA,NA
"0035e00000z7GpQAAU","z7GpQAAU","Atlanta","70-79","Male",NA,NA
"0035e00000z7I7jAAE","z7I7jAAE","Atlanta","60-69","Female",NA,NA
"0035e00000z7K3cAAE","z7K3cAAE","Atlanta","70-79","Female",NA,NA
"0035e00000z7O0TAAU","z7O0TAAU","Atlanta","50-59","Female",NA,NA
"0035e00000z7RraAAE","z7RraAAE","Atlanta","60-69","Female",NA,NA
"0035e00000z7eyqAAA","z7eyqAAA","Atlanta","70-79","Female",NA,NA
"0035e00000z7mHQAAY","z7mHQAAY","Atlanta","60-69","Female",NA,NA
"0035e00000z7mN0AAI","z7mN0AAI","Atlanta","50-59","Female",NA,NA
"0035e00000z7pAcAAI","z7pAcAAI","Atlanta","70-79","Female",NA,NA
"0035e00000z7vrHAAQ","z7vrHAAQ","Atlanta","50-59","Female",NA,NA
"0035e00000z829IAAQ","z829IAAQ","Atlanta","60-69","Female",NA,NA
"0035e00000z8AbLAAU","z8AbLAAU","Atlanta","60-69","Female",NA,NA
"0035e00000z8KvsAAE","z8KvsAAE","Atlanta","50-59","Female",NA,NA
"0035e00000z8Q5cAAE","z8Q5cAAE","Atlanta","60-69","Female",NA,NA
"0035e00000z8XZiAAM","z8XZiAAM","Atlanta","60-69","Male",NA,NA
"0035e00000z8bU9AAI","z8bU9AAI","Atlanta","60-69","Female",NA,NA
"0035e00000z8cvtAAA","z8cvtAAA","Atlanta","60-69","Male",NA,NA
"0035e00000z8mZFAAY","z8mZFAAY","Atlanta","60-69","Female",NA,NA
"0035e00000z8q1nAAA","z8q1nAAA","Atlanta","70-79","Female",NA,NA
"0035e00000z8wxeAAA","z8wxeAAA","Atlanta","70-79","Female",NA,NA
"0035e00000z8x2yAAA","z8x2yAAA","Atlanta","60-69","Female",NA,NA
"0035e000010I9B6AAK","0I9B6AAK","Atlanta","70-79","Female",NA,NA
"0035e000010IIQdAAO","0IIQdAAO","Atlanta","60-69","Female",NA,NA
"0035e000011JGsFAAW","1JGsFAAW","Atlanta","70-79","Female",NA,NA
"0035e000011JMGoAAO","1JMGoAAO","Atlanta","50-59","Female",NA,NA
"0035e000011JN1LAAW","1JN1LAAW","Atlanta","50-59","Female",NA,NA
"0035e000011JQD7AAO","1JQD7AAO","Atlanta","60-69","Female",NA,NA
"0035e000011JQNqAAO","1JQNqAAO","Atlanta","60-69","Female",NA,NA
"0035e000011JZQHAA4","1JZQHAA4","Atlanta","60-69","Female",NA,NA
"0035e000011JcPWAA0","1JcPWAA0","Atlanta","50-59","Female",NA,NA
"0035e000011JdbJAAS","1JdbJAAS","Atlanta","60-69","Female",NA,NA
"0035e000011JjRtAAK","1JjRtAAK","Atlanta","60-69","Female",NA,NA
"0035e000011JnYHAA0","1JnYHAA0","Atlanta","50-59","Female",NA,NA
"0035e000011zJAXAA2","1zJAXAA2","Atlanta","70-79","Female",NA,NA
"0035e000011zOsaAAE","1zOsaAAE","Atlanta","50-59","Female",NA,NA
"0035e000011zP42AAE","1zP42AAE","Atlanta","50-59","Female",NA,NA
"0035e000011zUYBAA2","1zUYBAA2","Atlanta","70-79","Male",NA,NA
"0035e000011zWfiAAE","1zWfiAAE","Atlanta","60-69","Female",NA,NA
"0035e0000121ZHNAA2","21ZHNAA2","Atlanta","60-69","Female",NA,NA
"0035e0000121sOxAAI","21sOxAAI","Atlanta","70-79","Female",NA,NA
"0035e0000121v6PAAQ","21v6PAAQ","Atlanta","60-69","Intersex",NA,NA
"0035e000012BxA0AAK","2BxA0AAK","Atlanta","70-79","Female",NA,NA
"0035e000012ByHgAAK","2ByHgAAK","Atlanta","60-69","Female",NA,NA
"0035e000012C4dhAAC","2C4dhAAC","Atlanta","60-69","Female",NA,NA
"0035e000012C7POAA0","2C7POAA0","Atlanta","60-69","Female",NA,NA
"0035e000012CASMAA4","2CASMAA4","Atlanta","60-69","Female",NA,NA
"0035e000012CEh1AAG","2CEh1AAG","Atlanta","60-69","Female",NA,NA
"0035e000012CFFIAA4","2CFFIAA4","Atlanta","70-79","Female",NA,NA
"0035e000012CZZyAAO","2CZZyAAO","Atlanta","50-59","Female",NA,NA
"0035e000012DMsIAAW","2DMsIAAW","Atlanta","60-69","Female",NA,NA
"0035e000012FwJVAA0","2FwJVAA0","Atlanta","60-69","Female",NA,NA
"0035e000012fB2dAAE","2fB2dAAE","Atlanta","50-59","Female",NA,NA
"0035e000012fHNYAA2","2fHNYAA2","Atlanta","60-69","Male",NA,NA
"0035e000012fINoAAM","2fINoAAM","Atlanta","70-79","Male",NA,NA
"0035e000012fIasAAE","2fIasAAE","Atlanta","50-59","Female",NA,NA
"0035e000012fXrkAAE","2fXrkAAE","Atlanta","70-79","Female",NA,NA
"0035e000012gCzzAAE","2gCzzAAE","Atlanta","50-59","Female",NA,NA
"0035e000012gGYlAAM","2gGYlAAM","Atlanta","60-69","Female",NA,NA
"0035e000012gPCDAA2","2gPCDAA2","Atlanta","60-69","Female",NA,NA
"0035e000012gPJAAA2","2gPJAAA2","Atlanta","70-79","Female",NA,NA
"0035e000012gQnBAAU","2gQnBAAU","Atlanta","60-69","Female",NA,NA
"0035e000012gVlUAAU","2gVlUAAU","Atlanta","60-69","Female",NA,NA
"0035e000012gXSFAA2","2gXSFAA2","Atlanta","60-69","Male",NA,NA
"0035e000012gXUyAAM","2gXUyAAM","Atlanta","50-59","Female",NA,NA
"0035e000012gefPAAQ","2gefPAAQ","Atlanta","50-59","Female",NA,NA
"0035e000012geqWAAQ","2geqWAAQ","Atlanta","50-59","Female",NA,NA
"0035e000012hHBmAAM","2hHBmAAM","Atlanta","70-79","Female",NA,NA
"0035e000012hKo4AAE","2hKo4AAE","Atlanta","70-79","Male",NA,NA
"0035e000012hUfiAAE","2hUfiAAE","Atlanta","60-69","Male",NA,NA
"0035e000012hUkTAAU","2hUkTAAU","Atlanta","50-59","Female",NA,NA
"0035e000012hV9YAAU","2hV9YAAU","Atlanta","60-69","Female",NA,NA
"0035e000012hXzCAAU","2hXzCAAU","Atlanta","60-69","Female",NA,NA
"0035e000012ha3sAAA","2ha3sAAA","Atlanta","50-59","Male",NA,NA
"0035e0000136Me1AAE","36Me1AAE","Atlanta","60-69","Female",NA,NA
"0035e0000136MmsAAE","36MmsAAE","Atlanta","60-69","Female",NA,NA
"0035e0000136NR7AAM","36NR7AAM","Atlanta","50-59","Female",NA,NA
"0035e0000136QsWAAU","36QsWAAU","Atlanta","60-69","Female",NA,NA
"0035e0000136Y3tAAE","36Y3tAAE","Atlanta","70-79","Female",NA,NA
"0035e0000136eIlAAI","36eIlAAI","Atlanta","70-79","Female",NA,NA
"0035e0000136g40AAA","36g40AAA","Atlanta","50-59","Female",NA,NA
"0035e0000136mEuAAI","36mEuAAI","Atlanta","50-59","Female",NA,NA
"0035e0000136wq9AAA","36wq9AAA","Atlanta","60-69","Female",NA,NA
"0035e0000136xM3AAI","36xM3AAI","Atlanta","60-69","Female",NA,NA
"0035e0000136xURAAY","36xURAAY","Atlanta","60-69","Female",NA,NA
"0035e0000137HUiAAM","37HUiAAM","Atlanta","50-59","Female",NA,NA
"0035e0000137QtgAAE","37QtgAAE","Atlanta","60-69","Female",NA,NA
"0035e0000137TYPAA2","37TYPAA2","Atlanta","50-59","Female",NA,NA
"0035e0000137VFtAAM","37VFtAAM","Atlanta","70-79","Female",NA,NA
"0035e000013CjdSAAS","3CjdSAAS","Atlanta","60-69","Female",NA,NA
"0035e000013CjlDAAS","3CjlDAAS","Atlanta","60-69","Female",NA,NA
"0035e000013ClaUAAS","3ClaUAAS","Atlanta","60-69","Female",NA,NA
"0035e000013ClvNAAS","3ClvNAAS","Atlanta","50-59","Female",NA,NA
"0035e000013CnDXAA0","3CnDXAA0","Atlanta","60-69","Female",NA,NA
"0035e000013CsQwAAK","3CsQwAAK","Atlanta","60-69","Female",NA,NA
"0035e000013Ct2XAAS","3Ct2XAAS","Atlanta","50-59","Female",NA,NA
"0035e000013CtrwAAC","3CtrwAAC","Atlanta","50-59","Intersex",NA,NA
"0035e000013EUs0AAG","3EUs0AAG","Atlanta","50-59","Female",NA,NA
"0035e000013FptjAAC","3FptjAAC","Atlanta","60-69","Female",NA,NA
"0035e000013FyAVAA0","3FyAVAA0","Atlanta","70-79","Female",NA,NA
"0035e000013G3Z1AAK","3G3Z1AAK","Atlanta","60-69","Female",NA,NA
"0035e000013GMRqAAO","3GMRqAAO","Atlanta","60-69","Female",NA,NA
"0035e000013GN52AAG","3GN52AAG","Atlanta","60-69","Female",NA,NA
"0035e000013GNhKAAW","3GNhKAAW","Atlanta","70-79","Female",NA,NA
"0035e00001478WgAAI","478WgAAI","Atlanta","70-79","Female",NA,NA
"0035e000014798GAAQ","4798GAAQ","Atlanta","60-69","Female",NA,NA
"0035e0000147HrBAAU","47HrBAAU","Atlanta","50-59","Female",NA,NA
"0035e0000147IySAAU","47IySAAU","Atlanta","70-79","Female",NA,NA
"0035e0000147JVzAAM","47JVzAAM","Atlanta","50-59","Female",NA,NA
"0035e0000147JfgAAE","47JfgAAE","Atlanta","50-59","Female",NA,NA
"0035e0000147aOBAAY","47aOBAAY","Atlanta","60-69","Female",NA,NA
"0035e0000147bl6AAA","47bl6AAA","Atlanta","50-59","Female",NA,NA
"0035e0000147eI9AAI","47eI9AAI","Atlanta","50-59","Female",NA,NA
"0035e0000147g4SAAQ","47g4SAAQ","Atlanta","70-79","Male",NA,NA
"0035e0000147gtzAAA","47gtzAAA","Atlanta","70-79","Female",NA,NA
"0035e0000147h3QAAQ","47h3QAAQ","Atlanta","70-79","Female",NA,NA
"0035e00000r8n8YAAQ","r8n8YAAQ","Baltimore","70-79","Female",NA,NA
"0035e00000r8tS1AAI","r8tS1AAI","Baltimore","60-69","Female",NA,NA
"0035e00000r8wSYAAY","r8wSYAAY","Baltimore","60-69","Female",NA,NA
"0035e00000r92C8AAI","r92C8AAI","Baltimore","50-59","Female",NA,NA
"0035e00000r9FGpAAM","r9FGpAAM","Baltimore","50-59","Female",NA,NA
"0035e00000r9FOKAA2","r9FOKAA2","Baltimore","50-59","Female",NA,NA
"0035e00000r9IliAAE","r9IliAAE","Baltimore","70-79","Female",NA,NA
"0035e00000r9rGGAAY","r9rGGAAY","Baltimore","60-69","Female",NA,NA
"0035e00000saTxmAAE","saTxmAAE","Baltimore","60-69","Female",NA,NA
"0035e00000sic5uAAA","sic5uAAA","Baltimore","50-59","Female",NA,NA
"0035e00000sj3ilAAA","sj3ilAAA","Baltimore","60-69","Female",NA,NA
"0035e00000sjBWUAA2","sjBWUAA2","Baltimore","60-69","Female",NA,NA
"0035e00000sjCSTAA2","sjCSTAA2","Baltimore","50-59","Female",NA,NA
"0035e00000sjJDYAA2","sjJDYAA2","Baltimore","60-69","Female",NA,NA
"0035e00000sjYEYAA2","sjYEYAA2","Baltimore","70-79","Female",NA,NA
"0035e00000skSFxAAM","skSFxAAM","Baltimore","60-69","Female",NA,NA
"0035e00000skUI2AAM","skUI2AAM","Baltimore","50-59","Female",NA,NA
"0035e00000skXyiAAE","skXyiAAE","Baltimore","70-79","Female",NA,NA
"0035e00000skmn6AAA","skmn6AAA","Baltimore","60-69","Female",NA,NA
"0035e00000skrCzAAI","skrCzAAI","Baltimore","50-59","Female",NA,NA
"0035e00000skrh9AAA","skrh9AAA","Baltimore","60-69","Female",NA,NA
"0035e00000sksFrAAI","sksFrAAI","Baltimore","50-59","Female",NA,NA
"0035e00000skvuFAAQ","skvuFAAQ","Baltimore","60-69","Male",NA,NA
"0035e00000slBG4AAM","slBG4AAM","Baltimore","50-59","Female",NA,NA
"0035e00000slOvWAAU","slOvWAAU","Baltimore","70-79","Female",NA,NA
"0035e00000slYhEAAU","slYhEAAU","Baltimore","50-59","Female",NA,NA
"0035e00000slsa6AAA","slsa6AAA","Baltimore","50-59","Female",NA,NA
"0035e00000smFoQAAU","smFoQAAU","Baltimore","60-69","Female",NA,NA
"0035e00000smKI5AAM","smKI5AAM","Baltimore","60-69","Female",NA,NA
"0035e00000smKoiAAE","smKoiAAE","Baltimore","50-59","Female",NA,NA
"0035e00000smXToAAM","smXToAAM","Baltimore","60-69","Female",NA,NA
"0035e00000vHrmiAAC","vHrmiAAC","Baltimore","60-69","Female",NA,NA
"0035e00000vI9SDAA0","vI9SDAA0","Baltimore","60-69","Female",NA,NA
"0035e00000vIAkeAAG","vIAkeAAG","Baltimore","70-79","Female",NA,NA
"0035e00000vIBVjAAO","vIBVjAAO","Baltimore","60-69","Female",NA,NA
"0035e00000vIBfAAAW","vIBfAAAW","Baltimore","50-59","Female",NA,NA
"0035e00000vICYyAAO","vICYyAAO","Baltimore","50-59","Female",NA,NA
"0035e00000vICemAAG","vICemAAG","Baltimore","60-69","Female",NA,NA
"0035e00000vIFW5AAO","vIFW5AAO","Baltimore","50-59","Female",NA,NA
"0035e00000vIJ5LAAW","vIJ5LAAW","Baltimore","50-59","Female",NA,NA
"0035e00000vIRL1AAO","vIRL1AAO","Baltimore","60-69","Female",NA,NA
"0035e00000vIRVLAA4","vIRVLAA4","Baltimore","60-69","Female",NA,NA
"0035e00000vIiYMAA0","vIiYMAA0","Baltimore","50-59","Female",NA,NA
"0035e00000vIipXAAS","vIipXAAS","Baltimore","60-69","Female",NA,NA
"0035e00000vIjOPAA0","vIjOPAA0","Baltimore","60-69","Female",NA,NA
"0035e00000vIxs9AAC","vIxs9AAC","Baltimore","50-59","Female",NA,NA
"0035e00000vJ5ybAAC","vJ5ybAAC","Baltimore","60-69","Female",NA,NA
"0035e00000vJ7zVAAS","vJ7zVAAS","Baltimore","50-59","Female",NA,NA
"0035e00000vJ8brAAC","vJ8brAAC","Baltimore","60-69","Female",NA,NA
"0035e00000vJGRCAA4","vJGRCAA4","Baltimore","60-69","Female",NA,NA
"0035e00000vJUniAAG","vJUniAAG","Baltimore","70-79","Female",NA,NA
"0035e00000vJcBiAAK","vJcBiAAK","Baltimore","50-59","Female",NA,NA
"0035e00000vJir3AAC","vJir3AAC","Baltimore","70-79","Female",NA,NA
"0035e00000vJkTPAA0","vJkTPAA0","Baltimore","60-69","Female",NA,NA
"0035e00000vJolDAAS","vJolDAAS","Baltimore","50-59","Female",NA,NA
"0035e00000vJpe7AAC","vJpe7AAC","Baltimore","60-69","Male",NA,NA
"0035e00000vJrHEAA0","vJrHEAA0","Baltimore","60-69","Female",NA,NA
"0035e00000vJvYtAAK","vJvYtAAK","Baltimore","60-69","Female",NA,NA
"0035e00000vK0U5AAK","vK0U5AAK","Baltimore","50-59","Female",NA,NA
"0035e00000vK3GbAAK","vK3GbAAK","Baltimore","50-59","Female",NA,NA
"0035e00000vKAquAAG","vKAquAAG","Baltimore","60-69","Female",NA,NA
"0035e00000vKCegAAG","vKCegAAG","Baltimore","50-59","Female",NA,NA
"0035e00000vKDeiAAG","vKDeiAAG","Baltimore","60-69","Female",NA,NA
"0035e00000vKNDrAAO","vKNDrAAO","Baltimore","60-69","Female",NA,NA
"0035e00000vKRBoAAO","vKRBoAAO","Baltimore","50-59","Female",NA,NA
"0035e00000vKWW5AAO","vKWW5AAO","Baltimore","70-79","Female",NA,NA
"0035e00000vKZ4aAAG","vKZ4aAAG","Baltimore","60-69","Female",NA,NA
"0035e00000vKZlKAAW","vKZlKAAW","Baltimore","50-59","Female",NA,NA
"0035e00000vKetzAAC","vKetzAAC","Baltimore","60-69","Female",NA,NA
"0035e00000vKpwDAAS","vKpwDAAS","Baltimore","60-69","Female",NA,NA
"0035e00000vKxNLAA0","vKxNLAA0","Baltimore","50-59","Female",NA,NA
"0035e00000vKxSKAA0","vKxSKAA0","Baltimore","70-79","Female",NA,NA
"0035e00000vKyShAAK","vKyShAAK","Baltimore","60-69","Female",NA,NA
"0035e00000vKyzgAAC","vKyzgAAC","Baltimore","60-69","Female",NA,NA
"0035e00000vKz3OAAS","vKz3OAAS","Baltimore","60-69","Female",NA,NA
"0035e00000vKz4qAAC","vKz4qAAC","Baltimore","60-69","Female",NA,NA
"0035e00000vKz8nAAC","vKz8nAAC","Baltimore","60-69","Female",NA,NA
"0035e00000vLBHpAAO","vLBHpAAO","Baltimore","50-59","Female",NA,NA
"0035e00000vLG04AAG","vLG04AAG","Baltimore","70-79","Male",NA,NA
"0035e00000vLIl1AAG","vLIl1AAG","Baltimore","50-59","Female",NA,NA
"0035e00000vLN5GAAW","vLN5GAAW","Baltimore","60-69","Female",NA,NA
"0035e00000vLPVUAA4","vLPVUAA4","Baltimore","60-69","Female",NA,NA
"0035e00000vLQ6QAAW","vLQ6QAAW","Baltimore","50-59","Female",NA,NA
"0035e00000vLQQjAAO","vLQQjAAO","Baltimore","60-69","Female",NA,NA
"0035e00000vLWXiAAO","vLWXiAAO","Baltimore","70-79","Female",NA,NA
"0035e00000vLeArAAK","vLeArAAK","Baltimore","60-69","Female",NA,NA
"0035e00000vLlFcAAK","vLlFcAAK","Baltimore","60-69","Female",NA,NA
"0035e00000vLvtpAAC","vLvtpAAC","Baltimore","50-59","Male",NA,NA
"0035e00000wt1pVAAQ","wt1pVAAQ","Baltimore","50-59","Female",NA,NA
"0035e00000wt6X7AAI","wt6X7AAI","Baltimore","50-59","Female",NA,NA
"0035e00000wtQ7qAAE","wtQ7qAAE","Baltimore","50-59","Female",NA,NA
"0035e00000wtSnFAAU","wtSnFAAU","Baltimore","60-69","Female",NA,NA
"0035e00000wtdUKAAY","wtdUKAAY","Baltimore","60-69","Female",NA,NA
"0035e00000wtfBFAAY","wtfBFAAY","Baltimore","50-59","Female",NA,NA
"0035e00000wth11AAA","wth11AAA","Baltimore","60-69","Female",NA,NA
"0035e00000wtjZ7AAI","wtjZ7AAI","Baltimore","50-59","Male",NA,NA
"0035e00000wtlGWAAY","wtlGWAAY","Baltimore","60-69","Female",NA,NA
"0035e00000wtlXXAAY","wtlXXAAY","Baltimore","60-69","Female",NA,NA
"0035e00000wtlqFAAQ","wtlqFAAQ","Baltimore","60-69","Female",NA,NA
"0035e00000wto44AAA","wto44AAA","Baltimore","50-59","Female",NA,NA
"0035e00000wtsjAAAQ","wtsjAAAQ","Baltimore","70-79","Female",NA,NA
"0035e00000wttssAAA","wttssAAA","Baltimore","60-69","Female",NA,NA
"0035e00000wu0TQAAY","wu0TQAAY","Baltimore","50-59","Female",NA,NA
"0035e00000wu2tBAAQ","wu2tBAAQ","Baltimore","60-69","Female",NA,NA
"0035e00000wu4ryAAA","wu4ryAAA","Baltimore","60-69","Female",NA,NA
"0035e00000wu9sQAAQ","wu9sQAAQ","Baltimore","50-59","Female",NA,NA
"0035e00000wuBeUAAU","wuBeUAAU","Baltimore","50-59","Female",NA,NA
"0035e00000wuRX5AAM","wuRX5AAM","Baltimore","50-59","Female",NA,NA
"0035e00000wuT0CAAU","wuT0CAAU","Baltimore","70-79","Female",NA,NA
"0035e00000wuUCIAA2","wuUCIAA2","Baltimore","60-69","Female",NA,NA
"0035e00000xFczGAAS","xFczGAAS","Baltimore","50-59","Female",NA,NA
"0035e00000xFegoAAC","xFegoAAC","Baltimore","70-79","Female",NA,NA
"0035e00000xFesaAAC","xFesaAAC","Baltimore","70-79","Female",NA,NA
"0035e00000xFgYmAAK","xFgYmAAK","Baltimore","50-59","Female",NA,NA
"0035e00000xFkdnAAC","xFkdnAAC","Baltimore","60-69","Female",NA,NA
"0035e00000xFknGAAS","xFknGAAS","Baltimore","70-79","Female",NA,NA
"0035e00000xFneRAAS","xFneRAAS","Baltimore","70-79","Female",NA,NA
"0035e00000xFnolAAC","xFnolAAC","Baltimore","70-79","Female",NA,NA
"0035e00000xFs8YAAS","xFs8YAAS","Baltimore","50-59","Female",NA,NA
"0035e00000xFtaxAAC","xFtaxAAC","Baltimore","60-69","Female",NA,NA
"0035e00000xG5tGAAS","xG5tGAAS","Baltimore","70-79","Male",NA,NA
"0035e00000xGC1HAAW","xGC1HAAW","Baltimore","50-59","Female",NA,NA
"0035e00000xGCPTAA4","xGCPTAA4","Baltimore","60-69","Female",NA,NA
"0035e00000xGD3YAAW","xGD3YAAW","Baltimore","70-79","Female",NA,NA
"0035e00000xGMZWAA4","xGMZWAA4","Baltimore","50-59","Male",NA,NA
"0035e00000xGOVOAA4","xGOVOAA4","Baltimore","70-79","Female",NA,NA
"0035e00000xGQJtAAO","xGQJtAAO","Baltimore","70-79","Female",NA,NA
"0035e00000xGT8EAAW","xGT8EAAW","Baltimore","70-79","Female",NA,NA
"0035e00000xGUx3AAG","xGUx3AAG","Baltimore","60-69","Female",NA,NA
"0035e00000xGV5qAAG","xGV5qAAG","Baltimore","60-69","Female",NA,NA
"0035e00000xGWY0AAO","xGWY0AAO","Baltimore","60-69","Female",NA,NA
"0035e00000xGbtDAAS","xGbtDAAS","Baltimore","50-59","Female",NA,NA
"0035e00000xGf8aAAC","xGf8aAAC","Baltimore","70-79","Female",NA,NA
"0035e00000xGgNqAAK","xGgNqAAK","Baltimore","60-69","Female",NA,NA
"0035e00000xGhSXAA0","xGhSXAA0","Baltimore","70-79","Female",NA,NA
"0035e00000xGhlKAAS","xGhlKAAS","Baltimore","50-59","Female",NA,NA
"0035e00000xGnjsAAC","xGnjsAAC","Baltimore","60-69","Female",NA,NA
"0035e00000xGyQuAAK","xGyQuAAK","Baltimore","50-59","Female",NA,NA
"0035e00000xGyUXAA0","xGyUXAA0","Baltimore","60-69","Female",NA,NA
"0035e00000xHB9qAAG","xHB9qAAG","Baltimore","50-59","Female",NA,NA
"0035e00000xHDYlAAO","xHDYlAAO","Baltimore","70-79","Female",NA,NA
"0035e00000z4pObAAI","z4pObAAI","Baltimore","60-69","Female",NA,NA
"0035e00000z4r0RAAQ","z4r0RAAQ","Baltimore","50-59","Female",NA,NA
"0035e00000z4wDsAAI","z4wDsAAI","Baltimore","50-59","Female",NA,NA
"0035e00000z54j9AAA","z54j9AAA","Baltimore","60-69","Female",NA,NA
"0035e00000z555ZAAQ","z555ZAAQ","Baltimore","70-79","Female",NA,NA
"0035e00000z557RAAQ","z557RAAQ","Baltimore","60-69","Female",NA,NA
"0035e00000z55IJAAY","z55IJAAY","Baltimore","50-59","Male",NA,NA
"0035e00000z55TCAAY","z55TCAAY","Baltimore","60-69","Female",NA,NA
"0035e00000z55VmAAI","z55VmAAI","Baltimore","70-79","Female",NA,NA
"0035e00000z58sdAAA","z58sdAAA","Baltimore","70-79","Female",NA,NA
"0035e00000z59U2AAI","z59U2AAI","Baltimore","50-59","Female",NA,NA
"0035e00000z59lEAAQ","z59lEAAQ","Baltimore","50-59","Female",NA,NA
"0035e00000z5A7TAAU","z5A7TAAU","Baltimore","70-79","Female",NA,NA
"0035e00000z5ALnAAM","z5ALnAAM","Baltimore","50-59","Female",NA,NA
"0035e00000z5ApxAAE","z5ApxAAE","Baltimore","60-69","Female",NA,NA
"0035e00000z5BHfAAM","z5BHfAAM","Baltimore","60-69","Female",NA,NA
"0035e00000z5BN4AAM","z5BN4AAM","Baltimore","60-69","Female",NA,NA
"0035e00000z5BWzAAM","z5BWzAAM","Baltimore","50-59","Male",NA,NA
"0035e00000z5BZyAAM","z5BZyAAM","Baltimore","50-59","Female",NA,NA
"0035e00000z5C7lAAE","z5C7lAAE","Baltimore","50-59","Male",NA,NA
"0035e00000z5CCqAAM","z5CCqAAM","Baltimore","70-79","Female",NA,NA
"0035e00000z5NIqAAM","z5NIqAAM","Baltimore","50-59","Male",NA,NA
"0035e00000z5OAoAAM","z5OAoAAM","Baltimore","70-79","Female",NA,NA
"0035e00000z5OzmAAE","z5OzmAAE","Baltimore","50-59","Female",NA,NA
"0035e00000z5Ts4AAE","z5Ts4AAE","Baltimore","50-59","Female",NA,NA
"0035e00000z5VPnAAM","z5VPnAAM","Baltimore","60-69","Male",NA,NA
"0035e00000z5VwsAAE","z5VwsAAE","Baltimore","50-59","Female",NA,NA
"0035e00000z5WS9AAM","z5WS9AAM","Baltimore","50-59","Female",NA,NA
"0035e00000z5XUwAAM","z5XUwAAM","Baltimore","50-59","Female",NA,NA
"0035e00000z5dRjAAI","z5dRjAAI","Baltimore","50-59","Female",NA,NA
"0035e00000z5ga2AAA","z5ga2AAA","Baltimore","60-69","Male",NA,NA
"0035e00000z5gcXAAQ","z5gcXAAQ","Baltimore","70-79","Female",NA,NA
"0035e00000z5hQ3AAI","z5hQ3AAI","Baltimore","50-59","Female",NA,NA
"0035e00000z5i7rAAA","z5i7rAAA","Baltimore","60-69","Female",NA,NA
"0035e00000z5nVqAAI","z5nVqAAI","Baltimore","50-59","Female",NA,NA
"0035e00000z5xU4AAI","z5xU4AAI","Baltimore","50-59","Female",NA,NA
"0035e00000z5z61AAA","z5z61AAA","Baltimore","60-69","Female",NA,NA
"0035e00000z5zMOAAY","z5zMOAAY","Baltimore","70-79","Female",NA,NA
"0035e00000z5zinAAA","z5zinAAA","Baltimore","60-69","Female",NA,NA
"0035e00000z61KTAAY","z61KTAAY","Baltimore","60-69","Female",NA,NA
"0035e00000z62laAAA","z62laAAA","Baltimore","70-79","Female",NA,NA
"0035e00000z64VoAAI","z64VoAAI","Baltimore","50-59","Female",NA,NA
"0035e00000z68vRAAQ","z68vRAAQ","Baltimore","50-59","Female",NA,NA
"0035e00000z6BO1AAM","z6BO1AAM","Baltimore","50-59","Female",NA,NA
"0035e00000z6BUJAA2","z6BUJAA2","Baltimore","60-69","Male",NA,NA
"0035e00000z6BbUAAU","z6BbUAAU","Baltimore","50-59","Female",NA,NA
"0035e00000z6Cm0AAE","z6Cm0AAE","Baltimore","50-59","Female",NA,NA
"0035e00000z6D1iAAE","z6D1iAAE","Baltimore","50-59","Female",NA,NA
"0035e00000z6DCvAAM","z6DCvAAM","Baltimore","70-79","Female",NA,NA
"0035e00000z6DtkAAE","z6DtkAAE","Baltimore","50-59","Female",NA,NA
"0035e00000z6Ev9AAE","z6Ev9AAE","Baltimore","50-59","Female",NA,NA
"0035e00000z6GWjAAM","z6GWjAAM","Baltimore","50-59","Female",NA,NA
"0035e00000z6HfwAAE","z6HfwAAE","Baltimore","60-69","Male",NA,NA
"0035e00000z6IULAA2","z6IULAA2","Baltimore","60-69","Female",NA,NA
"0035e00000z6IaOAAU","z6IaOAAU","Baltimore","60-69","Female",NA,NA
"0035e00000z6JwaAAE","z6JwaAAE","Baltimore","50-59","Male",NA,NA
"0035e00000z6M6zAAE","z6M6zAAE","Baltimore","50-59","Male",NA,NA
"0035e00000z6MqEAAU","z6MqEAAU","Baltimore","60-69","Female",NA,NA
"0035e00000z6NveAAE","z6NveAAE","Baltimore","50-59","Female",NA,NA
"0035e00000z6NxBAAU","z6NxBAAU","Baltimore","50-59","Female",NA,NA
"0035e00000z6NxpAAE","z6NxpAAE","Baltimore","60-69","Female",NA,NA
"0035e00000z6PGlAAM","z6PGlAAM","Baltimore","70-79","Female",NA,NA
"0035e00000z6SOAAA2","z6SOAAA2","Baltimore","50-59","Female",NA,NA
"0035e00000z6SOtAAM","z6SOtAAM","Baltimore","50-59","Female",NA,NA
"0035e00000z6SQpAAM","z6SQpAAM","Baltimore","60-69","Female",NA,NA
"0035e00000z6TLvAAM","z6TLvAAM","Baltimore","60-69","Female",NA,NA
"0035e00000z6UYqAAM","z6UYqAAM","Baltimore","50-59","Male",NA,NA
"0035e00000z6V6AAAU","z6V6AAAU","Baltimore","50-59","Female",NA,NA
"0035e00000z6VyqAAE","z6VyqAAE","Baltimore","50-59","Female",NA,NA
"0035e00000z6kPQAAY","z6kPQAAY","Baltimore","60-69","Female",NA,NA
"0035e00000z6kU1AAI","z6kU1AAI","Baltimore","50-59","Male",NA,NA
"0035e00000z6kUaAAI","z6kUaAAI","Baltimore","50-59","Female",NA,NA
"0035e00000z6lr1AAA","z6lr1AAA","Baltimore","70-79","Female",NA,NA
"0035e00000z6nvtAAA","z6nvtAAA","Baltimore","50-59","Female",NA,NA
"0035e00000z6oseAAA","z6oseAAA","Baltimore","50-59","Female",NA,NA
"0035e00000z6quLAAQ","z6quLAAQ","Baltimore","70-79","Female",NA,NA
"0035e00000z6r7KAAQ","z6r7KAAQ","Baltimore","50-59","Female",NA,NA
"0035e00000z6sUnAAI","z6sUnAAI","Baltimore","50-59","Female",NA,NA
"0035e00000z6sbPAAQ","z6sbPAAQ","Baltimore","70-79","Female",NA,NA
"0035e00000z6sboAAA","z6sboAAA","Baltimore","70-79","Female",NA,NA
"0035e00000z6shNAAQ","z6shNAAQ","Baltimore","70-79","Female",NA,NA
"0035e00000z6tsPAAQ","z6tsPAAQ","Baltimore","50-59","Female",NA,NA
"0035e00000z6uxIAAQ","z6uxIAAQ","Baltimore","60-69","Female",NA,NA
"0035e00000z6v6oAAA","z6v6oAAA","Baltimore","50-59","Female",NA,NA
"0035e00000z713aAAA","z713aAAA","Baltimore","60-69","Female",NA,NA
"0035e00000z7388AAA","z7388AAA","Baltimore","50-59","Female",NA,NA
"0035e00000z77NoAAI","z77NoAAI","Baltimore","70-79","Female",NA,NA
"0035e00000z7K8gAAE","z7K8gAAE","Baltimore","70-79","Female",NA,NA
"0035e00000z7MZlAAM","z7MZlAAM","Baltimore","50-59","Male",NA,NA
"0035e00000z7O0SAAU","z7O0SAAU","Baltimore","60-69","Female",NA,NA
"0035e00000z7ODWAA2","z7ODWAA2","Baltimore","50-59","Female",NA,NA
"0035e00000z7OQBAA2","z7OQBAA2","Baltimore","60-69","Female",NA,NA
"0035e00000z7PxQAAU","z7PxQAAU","Baltimore","50-59","Female",NA,NA
"0035e00000z7QZUAA2","z7QZUAA2","Baltimore","50-59","Male",NA,NA
"0035e00000z7QcYAAU","z7QcYAAU","Baltimore","50-59","Male",NA,NA
"0035e00000z7RQ9AAM","z7RQ9AAM","Baltimore","50-59","Female",NA,NA
"0035e00000z7RmyAAE","z7RmyAAE","Baltimore","50-59","Female",NA,NA
"0035e00000z7Rs3AAE","z7Rs3AAE","Baltimore","60-69","Male",NA,NA
"0035e00000z7RxmAAE","z7RxmAAE","Baltimore","60-69","Male",NA,NA
"0035e00000z7RzOAAU","z7RzOAAU","Baltimore","50-59","Female",NA,NA
"0035e00000z7S7XAAU","z7S7XAAU","Baltimore","60-69","Female",NA,NA
"0035e00000z7UYZAA2","z7UYZAA2","Baltimore","60-69","Female",NA,NA
"0035e00000z7ZcCAAU","z7ZcCAAU","Baltimore","60-69","Female",NA,NA
"0035e00000z7blzAAA","z7blzAAA","Baltimore","50-59","Female",NA,NA
"0035e00000z7bvfAAA","z7bvfAAA","Baltimore","70-79","Female",NA,NA
"0035e00000z7d7AAAQ","z7d7AAAQ","Baltimore","60-69","Female",NA,NA
"0035e00000z7dBlAAI","z7dBlAAI","Baltimore","50-59","Female",NA,NA
"0035e00000z7doOAAQ","z7doOAAQ","Baltimore","60-69","Female",NA,NA
"0035e00000z7eAwAAI","z7eAwAAI","Baltimore","50-59","Male",NA,NA
"0035e00000z7kmJAAQ","z7kmJAAQ","Baltimore","60-69","Female",NA,NA
"0035e00000z7t4pAAA","z7t4pAAA","Baltimore","70-79","Male",NA,NA
"0035e00000z7z9pAAA","z7z9pAAA","Baltimore","70-79","Female",NA,NA
"0035e00000z7zmqAAA","z7zmqAAA","Baltimore","60-69","Female",NA,NA
"0035e00000z80R6AAI","z80R6AAI","Baltimore","60-69","Male",NA,NA
"0035e00000z82myAAA","z82myAAA","Baltimore","60-69","Male",NA,NA
"0035e00000z83vsAAA","z83vsAAA","Baltimore","50-59","Male",NA,NA
"0035e00000z84ZxAAI","z84ZxAAI","Baltimore","60-69","Male",NA,NA
"0035e00000z84hcAAA","z84hcAAA","Baltimore","50-59","Male",NA,NA
"0035e00000z84oJAAQ","z84oJAAQ","Baltimore","50-59","Male",NA,NA
"0035e00000z850pAAA","z850pAAA","Baltimore","50-59","Male",NA,NA
"0035e00000z85eeAAA","z85eeAAA","Baltimore","50-59","Male",NA,NA
"0035e00000z86GTAAY","z86GTAAY","Baltimore","50-59","Male",NA,NA
"0035e00000z86QOAAY","z86QOAAY","Baltimore","50-59","Male",NA,NA
"0035e00000z86gHAAQ","z86gHAAQ","Baltimore","60-69","Female",NA,NA
"0035e00000z87XuAAI","z87XuAAI","Baltimore","60-69","Male",NA,NA
"0035e00000z8AZ5AAM","z8AZ5AAM","Baltimore","60-69","Male",NA,NA
"0035e00000z8B6wAAE","z8B6wAAE","Baltimore","60-69","Female",NA,NA
"0035e00000z8CZaAAM","z8CZaAAM","Baltimore","50-59","Male",NA,NA
"0035e00000z8FbZAAU","z8FbZAAU","Baltimore","60-69","Female",NA,NA
"0035e00000z8HClAAM","z8HClAAM","Baltimore","60-69","Female",NA,NA
"0035e00000z8IlNAAU","z8IlNAAU","Baltimore","50-59","Female",NA,NA
"0035e00000z8JdkAAE","z8JdkAAE","Baltimore","50-59","Male",NA,NA
"0035e00000z8MzpAAE","z8MzpAAE","Baltimore","50-59","Female",NA,NA
"0035e00000z8P0HAAU","z8P0HAAU","Baltimore","60-69","Female",NA,NA
"0035e00000z8axIAAQ","z8axIAAQ","Baltimore","60-69","Female",NA,NA
"0035e00000z8dq1AAA","z8dq1AAA","Baltimore","70-79","Female",NA,NA
"0035e00000z8hMmAAI","z8hMmAAI","Baltimore","50-59","Female",NA,NA
"0035e00000z8niKAAQ","z8niKAAQ","Baltimore","70-79","Female",NA,NA
"0035e00000z8okuAAA","z8okuAAA","Baltimore","70-79","Male",NA,NA
"0035e00000z8rnrAAA","z8rnrAAA","Baltimore","50-59","Male",NA,NA
"0035e00000z8wvZAAQ","z8wvZAAQ","Baltimore","60-69","Female",NA,NA
"0035e00000z8x25AAA","z8x25AAA","Baltimore","60-69","Female",NA,NA
"0035e00000z8xQKAAY","z8xQKAAY","Baltimore","60-69","Female",NA,NA
"0035e00000z8xTEAAY","z8xTEAAY","Baltimore","50-59","Female",NA,NA
"0035e00000z8ymSAAQ","z8ymSAAQ","Baltimore","50-59","Female",NA,NA
"0035e0000101d8rAAA","01d8rAAA","Baltimore","70-79","Female",NA,NA
"0035e0000101dcvAAA","01dcvAAA","Baltimore","60-69","Female",NA,NA
"0035e000010IHuCAAW","0IHuCAAW","Baltimore","50-59","Female",NA,NA
"0035e000011JGOUAA4","1JGOUAA4","Baltimore","50-59","Female",NA,NA
"0035e000011JGQQAA4","1JGQQAA4","Baltimore","50-59","Female",NA,NA
"0035e000011JGWYAA4","1JGWYAA4","Baltimore","50-59","Female",NA,NA
"0035e000011JGi6AAG","1JGi6AAG","Baltimore","50-59","Female",NA,NA
"0035e000011JH1gAAG","1JH1gAAG","Baltimore","50-59","Male",NA,NA
"0035e000011JH3DAAW","1JH3DAAW","Baltimore","50-59","Male",NA,NA
"0035e000011JH6qAAG","1JH6qAAG","Baltimore","50-59","Female",NA,NA
"0035e000011JH9aAAG","1JH9aAAG","Baltimore","50-59","Male",NA,NA
"0035e000011JHCAAA4","1JHCAAA4","Baltimore","50-59","Female",NA,NA
"0035e000011JHwmAAG","1JHwmAAG","Baltimore","50-59","Female",NA,NA
"0035e000011JICWAA4","1JICWAA4","Baltimore","60-69","Male",NA,NA
"0035e000011JIDxAAO","1JIDxAAO","Baltimore","50-59","Female",NA,NA
"0035e000011JIWBAA4","1JIWBAA4","Baltimore","50-59","Male",NA,NA
"0035e000011JIWvAAO","1JIWvAAO","Baltimore","60-69","Male",NA,NA
"0035e000011JIXOAA4","1JIXOAA4","Baltimore","50-59","Male",NA,NA
"0035e000011JJ7GAAW","1JJ7GAAW","Baltimore","50-59","Male",NA,NA
"0035e000011JJHVAA4","1JJHVAA4","Baltimore","50-59","Male",NA,NA
"0035e000011JJUKAA4","1JJUKAA4","Baltimore","50-59","Female",NA,NA
"0035e000011JL2CAAW","1JL2CAAW","Baltimore","60-69","Female",NA,NA
"0035e000011JMjgAAG","1JMjgAAG","Baltimore","50-59","Female",NA,NA
"0035e000011JYk6AAG","1JYk6AAG","Baltimore","60-69","Female",NA,NA
"0035e000011JdVVAA0","1JdVVAA0","Baltimore","50-59","Male",NA,NA
"0035e000011Jdl4AAC","1Jdl4AAC","Baltimore","70-79","Female",NA,NA
"0035e000011JeKEAA0","1JeKEAA0","Baltimore","50-59","Male",NA,NA
"0035e000011JeOVAA0","1JeOVAA0","Baltimore","50-59","Male",NA,NA
"0035e000011JhufAAC","1JhufAAC","Baltimore","70-79","Female",NA,NA
"0035e000011Jif7AAC","1Jif7AAC","Baltimore","70-79","Female",NA,NA
"0035e000011Jj9BAAS","1Jj9BAAS","Baltimore","60-69","Female",NA,NA
"0035e000011JrB7AAK","1JrB7AAK","Baltimore","60-69","Female",NA,NA
"0035e000011zUS6AAM","1zUS6AAM","Baltimore","50-59","Male",NA,NA
"0035e000011zYzuAAE","1zYzuAAE","Baltimore","60-69","Female",NA,NA
"0035e000011zb69AAA","1zb69AAA","Baltimore","60-69","Female",NA,NA
"0035e000012Bv58AAC","2Bv58AAC","Baltimore","50-59","Female",NA,NA
"0035e000012CDucAAG","2CDucAAG","Baltimore","60-69","Female",NA,NA
"0035e000012CEuUAAW","2CEuUAAW","Baltimore","50-59","Female",NA,NA
"0035e000012CEwaAAG","2CEwaAAG","Baltimore","50-59","Male",NA,NA
"0035e000012CXWYAA4","2CXWYAA4","Baltimore","50-59","Female",NA,NA
"0035e000012DS8wAAG","2DS8wAAG","Baltimore","70-79","Female",NA,NA
"0035e000012E5N9AAK","2E5N9AAK","Baltimore","60-69","Male",NA,NA
"0035e000012EBVfAAO","2EBVfAAO","Baltimore","50-59","Female",NA,NA
"0035e000012ECaZAAW","2ECaZAAW","Baltimore","60-69","Female",NA,NA
"0035e000012FyJ9AAK","2FyJ9AAK","Baltimore","50-59","Female",NA,NA
"0035e000012fHvuAAE","2fHvuAAE","Baltimore","50-59","Female",NA,NA
"0035e000012fI43AAE","2fI43AAE","Baltimore","60-69","Female",NA,NA
"0035e000012fMyvAAE","2fMyvAAE","Baltimore","50-59","Female",NA,NA
"0035e000012fPr7AAE","2fPr7AAE","Baltimore","50-59","Male",NA,NA
"0035e000012fWvWAAU","2fWvWAAU","Baltimore","60-69","Female",NA,NA
"0035e000012gAklAAE","2gAklAAE","Baltimore","70-79","Male",NA,NA
"0035e000012gCaEAAU","2gCaEAAU","Baltimore","60-69","Female",NA,NA
"0035e000012gDY5AAM","2gDY5AAM","Baltimore","60-69","Female",NA,NA
"0035e000012gERfAAM","2gERfAAM","Baltimore","60-69","Female",NA,NA
"0035e000012gKJCAA2","2gKJCAA2","Baltimore","50-59","Female",NA,NA
"0035e000012gKbcAAE","2gKbcAAE","Baltimore","60-69","Female",NA,NA
"0035e000012gNsCAAU","2gNsCAAU","Baltimore","60-69","Female",NA,NA
"0035e000012gRo4AAE","2gRo4AAE","Baltimore","60-69","Female",NA,NA
"0035e000012gTDOAA2","2gTDOAA2","Baltimore","60-69","Female",NA,NA
"0035e000012gtZoAAI","2gtZoAAI","Baltimore","60-69","Male",NA,NA
"0035e000012hIC6AAM","2hIC6AAM","Baltimore","50-59","Female",NA,NA
"0035e000012hK7AAAU","2hK7AAAU","Baltimore","60-69","Female",NA,NA
"0035e000012hPFjAAM","2hPFjAAM","Baltimore","50-59","Female",NA,NA
"0035e000012hTRRAA2","2hTRRAA2","Baltimore","70-79","Female",NA,NA
"0035e000012hUasAAE","2hUasAAE","Baltimore","60-69","Female",NA,NA
"0035e000012iMTrAAM","2iMTrAAM","Baltimore","60-69","Female",NA,NA
"0035e0000136MkwAAE","36MkwAAE","Baltimore","50-59","Female",NA,NA
"0035e0000136Ne9AAE","36Ne9AAE","Baltimore","50-59","Female",NA,NA
"0035e0000136OLtAAM","36OLtAAM","Baltimore","50-59","Female",NA,NA
"0035e0000136OixAAE","36OixAAE","Baltimore","50-59","Female",NA,NA
"0035e0000136OqhAAE","36OqhAAE","Baltimore","70-79","Female",NA,NA
"0035e0000136PEoAAM","36PEoAAM","Baltimore","50-59","Female",NA,NA
"0035e0000136anlAAA","36anlAAA","Baltimore","70-79","Female",NA,NA
"0035e0000136mMQAAY","36mMQAAY","Baltimore","50-59","Female",NA,NA
"0035e0000136mmFAAQ","36mmFAAQ","Baltimore","60-69","Female",NA,NA
"0035e0000136rrNAAQ","36rrNAAQ","Baltimore","50-59","Female",NA,NA
"0035e0000136waCAAQ","36waCAAQ","Baltimore","50-59","Female",NA,NA
"0035e0000136wcMAAQ","36wcMAAQ","Baltimore","70-79","Female",NA,NA
"0035e0000136zbXAAQ","36zbXAAQ","Baltimore","60-69","Female",NA,NA
"0035e00001373QwAAI","373QwAAI","Baltimore","50-59","Female",NA,NA
"0035e000013746FAAQ","3746FAAQ","Baltimore","60-69","Female",NA,NA
"0035e0000137HY6AAM","37HY6AAM","Baltimore","70-79","Female",NA,NA
"0035e0000137QCOAA2","37QCOAA2","Baltimore","50-59","Female",NA,NA
"0035e0000137WMkAAM","37WMkAAM","Baltimore","70-79","Female",NA,NA
"0035e000013CmFkAAK","3CmFkAAK","Baltimore","70-79","Female",NA,NA
"0035e000013CmiIAAS","3CmiIAAS","Baltimore","60-69","Female",NA,NA
"0035e000013Cs7jAAC","3Cs7jAAC","Baltimore","70-79","Male",NA,NA
"0035e000013EPX8AAO","3EPX8AAO","Baltimore","60-69","Male",NA,NA
"0035e000013ETuKAAW","3ETuKAAW","Baltimore","50-59","Female",NA,NA
"0035e000013EUxeAAG","3EUxeAAG","Baltimore","60-69","Female",NA,NA
"0035e000013EiJUAA0","3EiJUAA0","Baltimore","60-69","Female",NA,NA
"0035e000013Ep7tAAC","3Ep7tAAC","Baltimore","60-69","Female",NA,NA
"0035e000013Epm3AAC","3Epm3AAC","Baltimore","50-59","Female",NA,NA
"0035e000013EqpUAAS","3EqpUAAS","Baltimore","50-59","Male",NA,NA
"0035e000013EuPZAA0","3EuPZAA0","Baltimore","70-79","Female",NA,NA
"0035e000013FdgGAAS","3FdgGAAS","Baltimore","50-59","Female",NA,NA
"0035e000013FscBAAS","3FscBAAS","Baltimore","60-69","Female",NA,NA
"0035e000013FtOeAAK","3FtOeAAK","Baltimore","60-69","Female",NA,NA
"0035e000013G0SxAAK","3G0SxAAK","Baltimore","50-59","Female",NA,NA
"0035e000013G5v4AAC","3G5v4AAC","Baltimore","60-69","Female",NA,NA
"0035e000013G5wlAAC","3G5wlAAC","Baltimore","50-59","Female",NA,NA
"0035e000013GAJwAAO","3GAJwAAO","Baltimore","60-69","Female",NA,NA
"0035e000013GMtfAAG","3GMtfAAG","Baltimore","50-59","Female",NA,NA
"0035e00001477EqAAI","477EqAAI","Baltimore","60-69","Female",NA,NA
"0035e0000147CKKAA2","47CKKAA2","Baltimore","50-59","Female",NA,NA
"0035e0000147POqAAM","47POqAAM","Baltimore","60-69","Female",NA,NA
"0035e0000147gokAAA","47gokAAA","Baltimore","60-69","Female",NA,NA
"0035e0000147hTOAAY","47hTOAAY","Baltimore","60-69","Female",NA,NA
"0035e00000r8vs6AAA","r8vs6AAA","Miami","50-59","Female",NA,NA
"0035e00000r91nmAAA","r91nmAAA","Miami","50-59","Female",NA,NA
"0035e00000r9GhyAAE","r9GhyAAE","Miami","70-79","Female",NA,NA
"0035e00000r9JCsAAM","r9JCsAAM","Miami","50-59","Female",NA,NA
"0035e00000r9azuAAA","r9azuAAA","Miami","50-59","Female",NA,NA
"0035e00000r9pfbAAA","r9pfbAAA","Miami","50-59","Female",NA,NA
"0035e00000r9psGAAQ","r9psGAAQ","Miami","60-69","Female",NA,NA
"0035e00000r9q4bAAA","r9q4bAAA","Miami","60-69","Female",NA,NA
"0035e00000r9qAbAAI","r9qAbAAI","Miami","50-59","Female",NA,NA
"0035e00000saRdJAAU","saRdJAAU","Miami","70-79","Female",NA,NA
"0035e00000siXvxAAE","siXvxAAE","Miami","60-69","Female",NA,NA
"0035e00000sia9RAAQ","sia9RAAQ","Miami","60-69","Female",NA,NA
"0035e00000sig0tAAA","sig0tAAA","Miami","50-59","Female",NA,NA
"0035e00000sj4gPAAQ","sj4gPAAQ","Miami","50-59","Female",NA,NA
"0035e00000sj5dKAAQ","sj5dKAAQ","Miami","50-59","Female",NA,NA
"0035e00000sj9DSAAY","sj9DSAAY","Miami","70-79","Female",NA,NA
"0035e00000sjBYVAA2","sjBYVAA2","Miami","70-79","Female",NA,NA
"0035e00000skSAnAAM","skSAnAAM","Miami","70-79","Female",NA,NA
"0035e00000skU9yAAE","skU9yAAE","Miami","70-79","Female",NA,NA
"0035e00000skgNOAAY","skgNOAAY","Miami","50-59","Male",NA,NA
"0035e00000skoWqAAI","skoWqAAI","Miami","60-69","Female",NA,NA
"0035e00000skrpDAAQ","skrpDAAQ","Miami","60-69","Female",NA,NA
"0035e00000sksfQAAQ","sksfQAAQ","Miami","50-59","Female",NA,NA
"0035e00000skvvnAAA","skvvnAAA","Miami","50-59","Female",NA,NA
"0035e00000slNaJAAU","slNaJAAU","Miami","50-59","Female",NA,NA
"0035e00000slNbCAAU","slNbCAAU","Miami","50-59","Female",NA,NA
"0035e00000slNbRAAU","slNbRAAU","Miami","60-69","Female",NA,NA
"0035e00000slOzsAAE","slOzsAAE","Miami","70-79","Female",NA,NA
"0035e00000slVF3AAM","slVF3AAM","Miami","50-59","Female",NA,NA
"0035e00000sldkuAAA","sldkuAAA","Miami","60-69","Female",NA,NA
"0035e00000sliPsAAI","sliPsAAI","Miami","60-69","Female",NA,NA
"0035e00000sluIUAAY","sluIUAAY","Miami","70-79","Female",NA,NA
"0035e00000slwE0AAI","slwE0AAI","Miami","60-69","Female",NA,NA
"0035e00000slz5nAAA","slz5nAAA","Miami","60-69","Female",NA,NA
"0035e00000sm3wlAAA","sm3wlAAA","Miami","60-69","Female",NA,NA
"0035e00000sm8jrAAA","sm8jrAAA","Miami","50-59","Female",NA,NA
"0035e00000smAskAAE","smAskAAE","Miami","60-69","Female",NA,NA
"0035e00000smCKMAA2","smCKMAA2","Miami","60-69","Female",NA,NA
"0035e00000smCKlAAM","smCKlAAM","Miami","50-59","Male",NA,NA
"0035e00000smDBgAAM","smDBgAAM","Miami","70-79","Female",NA,NA
"0035e00000smPF8AAM","smPF8AAM","Miami","70-79","Male",NA,NA
"0035e00000smS72AAE","smS72AAE","Miami","60-69","Male",NA,NA
"0035e00000smTMSAA2","smTMSAA2","Miami","50-59","Female",NA,NA
"0035e00000smXi5AAE","smXi5AAE","Miami","70-79","Female",NA,NA
"0035e00000smYeLAAU","smYeLAAU","Miami","60-69","Female",NA,NA
"0035e00000vHpFmAAK","vHpFmAAK","Miami","50-59","Female",NA,NA
"0035e00000vI0vsAAC","vI0vsAAC","Miami","50-59","Female",NA,NA
"0035e00000vI4A2AAK","vI4A2AAK","Miami","70-79","Female",NA,NA
"0035e00000vIBj2AAG","vIBj2AAG","Miami","60-69","Female",NA,NA
"0035e00000vIETnAAO","vIETnAAO","Miami","50-59","Female",NA,NA
"0035e00000vIFltAAG","vIFltAAG","Miami","60-69","Female",NA,NA
"0035e00000vIQc0AAG","vIQc0AAG","Miami","50-59","Male",NA,NA
"0035e00000vIibQAAS","vIibQAAS","Miami","50-59","Female",NA,NA
"0035e00000vJ2bDAAS","vJ2bDAAS","Miami","50-59","Female",NA,NA
"0035e00000vJ6r2AAC","vJ6r2AAC","Miami","50-59","Female",NA,NA
"0035e00000vJ6rvAAC","vJ6rvAAC","Miami","50-59","Female",NA,NA
"0035e00000vJ7eIAAS","vJ7eIAAS","Miami","50-59","Male",NA,NA
"0035e00000vJ8UMAA0","vJ8UMAA0","Miami","50-59","Female",NA,NA
"0035e00000vJJiMAAW","vJJiMAAW","Miami","60-69","Male",NA,NA
"0035e00000vJSx1AAG","vJSx1AAG","Miami","60-69","Female",NA,NA
"0035e00000vJTGWAA4","vJTGWAA4","Miami","50-59","Female",NA,NA
"0035e00000vJTyiAAG","vJTyiAAG","Miami","50-59","Female",NA,NA
"0035e00000vJUB0AAO","vJUB0AAO","Miami","50-59","Female",NA,NA
"0035e00000vJUEiAAO","vJUEiAAO","Miami","70-79","Male",NA,NA
"0035e00000vJUFvAAO","vJUFvAAO","Miami","70-79","Male",NA,NA
"0035e00000vJUIQAA4","vJUIQAA4","Miami","50-59","Female",NA,NA
"0035e00000vJV5FAAW","vJV5FAAW","Miami","50-59","Male",NA,NA
"0035e00000vJbF2AAK","vJbF2AAK","Miami","70-79","Female",NA,NA
"0035e00000vJcNyAAK","vJcNyAAK","Miami","70-79","Female",NA,NA
"0035e00000vJcWqAAK","vJcWqAAK","Miami","70-79","Female",NA,NA
"0035e00000vJcnhAAC","vJcnhAAC","Miami","70-79","Male",NA,NA
"0035e00000vJeyxAAC","vJeyxAAC","Miami","60-69","Female",NA,NA
"0035e00000vJfJMAA0","vJfJMAA0","Miami","50-59","Female",NA,NA
"0035e00000vJfx1AAC","vJfx1AAC","Miami","60-69","Female",NA,NA
"0035e00000vJlLpAAK","vJlLpAAK","Miami","50-59","Female",NA,NA
"0035e00000vJmoFAAS","vJmoFAAS","Miami","50-59","Female",NA,NA
"0035e00000vJnn2AAC","vJnn2AAC","Miami","50-59","Female",NA,NA
"0035e00000vJp0bAAC","vJp0bAAC","Miami","50-59","Female",NA,NA
"0035e00000vJqt2AAC","vJqt2AAC","Miami","60-69","Male",NA,NA
"0035e00000vJvLkAAK","vJvLkAAK","Miami","50-59","Male",NA,NA
"0035e00000vJvhWAAS","vJvhWAAS","Miami","50-59","Female",NA,NA
"0035e00000vJwXXAA0","vJwXXAA0","Miami","60-69","Female",NA,NA
"0035e00000vK180AAC","vK180AAC","Miami","70-79","Female",NA,NA
"0035e00000vK2RIAA0","vK2RIAA0","Miami","70-79","Male",NA,NA
"0035e00000vK2zZAAS","vK2zZAAS","Miami","50-59","Female",NA,NA
"0035e00000vK4hGAAS","vK4hGAAS","Miami","50-59","Female",NA,NA
"0035e00000vK5I9AAK","vK5I9AAK","Miami","70-79","Female",NA,NA
"0035e00000vKBGIAA4","vKBGIAA4","Miami","50-59","Female",NA,NA
"0035e00000vKDjsAAG","vKDjsAAG","Miami","60-69","Female",NA,NA
"0035e00000vKFhsAAG","vKFhsAAG","Miami","60-69","Male",NA,NA
"0035e00000vKGX0AAO","vKGX0AAO","Miami","70-79","Female",NA,NA
"0035e00000vKIcCAAW","vKIcCAAW","Miami","50-59","Female",NA,NA
"0035e00000vKSeoAAG","vKSeoAAG","Miami","60-69","Female",NA,NA
"0035e00000vKSqqAAG","vKSqqAAG","Miami","60-69","Female",NA,NA
"0035e00000vKUWDAA4","vKUWDAA4","Miami","70-79","Female",NA,NA
"0035e00000vKVZSAA4","vKVZSAA4","Miami","60-69","Female",NA,NA
"0035e00000vKVxjAAG","vKVxjAAG","Miami","50-59","Female",NA,NA
"0035e00000vKph8AAC","vKph8AAC","Miami","70-79","Male",NA,NA
"0035e00000vKqTvAAK","vKqTvAAK","Miami","50-59","Female",NA,NA
"0035e00000vKz50AAC","vKz50AAC","Miami","50-59","Female",NA,NA
"0035e00000vL67fAAC","vL67fAAC","Miami","50-59","Female",NA,NA
"0035e00000vLGMoAAO","vLGMoAAO","Miami","50-59","Female",NA,NA
"0035e00000vLOBdAAO","vLOBdAAO","Miami","60-69","Female",NA,NA
"0035e00000vLOSfAAO","vLOSfAAO","Miami","60-69","Male",NA,NA
"0035e00000vLOYcAAO","vLOYcAAO","Miami","70-79","Male",NA,NA
"0035e00000vLPfoAAG","vLPfoAAG","Miami","50-59","Female",NA,NA
"0035e00000vLWPjAAO","vLWPjAAO","Miami","60-69","Male",NA,NA
"0035e00000vLWVIAA4","vLWVIAA4","Miami","50-59","Female",NA,NA
"0035e00000vLXgVAAW","vLXgVAAW","Miami","50-59","Male",NA,NA
"0035e00000vLYSoAAO","vLYSoAAO","Miami","60-69","Female",NA,NA
"0035e00000vLYrPAAW","vLYrPAAW","Miami","60-69","Male",NA,NA
"0035e00000vLarVAAS","vLarVAAS","Miami","50-59","Female",NA,NA
"0035e00000vLdsYAAS","vLdsYAAS","Miami","60-69","Male",NA,NA
"0035e00000vLeDCAA0","vLeDCAA0","Miami","70-79","Male",NA,NA
"0035e00000vLeUNAA0","vLeUNAA0","Miami","70-79","Female",NA,NA
"0035e00000vLiHnAAK","vLiHnAAK","Miami","50-59","Male",NA,NA
"0035e00000vLlF8AAK","vLlF8AAK","Miami","60-69","Female",NA,NA
"0035e00000vLme7AAC","vLme7AAC","Miami","60-69","Male",NA,NA
"0035e00000vLorXAAS","vLorXAAS","Miami","50-59","Male",NA,NA
"0035e00000vLp1rAAC","vLp1rAAC","Miami","50-59","Female",NA,NA
"0035e00000vLvhKAAS","vLvhKAAS","Miami","60-69","Female",NA,NA
"0035e00000wt2fKAAQ","wt2fKAAQ","Miami","60-69","Female",NA,NA
"0035e00000wtLktAAE","wtLktAAE","Miami","50-59","Male",NA,NA
"0035e00000wtMEoAAM","wtMEoAAM","Miami","50-59","Female",NA,NA
"0035e00000wtMFIAA2","wtMFIAA2","Miami","60-69","Female",NA,NA
"0035e00000wtd2YAAQ","wtd2YAAQ","Miami","50-59","Female",NA,NA
"0035e00000wtp4ZAAQ","wtp4ZAAQ","Miami","60-69","Female",NA,NA
"0035e00000wtufuAAA","wtufuAAA","Miami","60-69","Female",NA,NA
"0035e00000wuA4RAAU","wuA4RAAU","Miami","50-59","Female",NA,NA
"0035e00000wuCncAAE","wuCncAAE","Miami","50-59","Male",NA,NA
"0035e00000wuUDLAA2","wuUDLAA2","Miami","60-69","Female",NA,NA
"0035e00000wuUnqAAE","wuUnqAAE","Miami","60-69","Female",NA,NA
"0035e00000xFdMnAAK","xFdMnAAK","Miami","60-69","Female",NA,NA
"0035e00000xFiP7AAK","xFiP7AAK","Miami","50-59","Female",NA,NA
"0035e00000xFitRAAS","xFitRAAS","Miami","60-69","Male",NA,NA
"0035e00000xFoaYAAS","xFoaYAAS","Miami","60-69","Female",NA,NA
"0035e00000xFoe1AAC","xFoe1AAC","Miami","60-69","Female",NA,NA
"0035e00000xFr6MAAS","xFr6MAAS","Miami","50-59","Male",NA,NA
"0035e00000xFuTEAA0","xFuTEAA0","Miami","60-69","Female",NA,NA
"0035e00000xFx7LAAS","xFx7LAAS","Miami","60-69","Female",NA,NA
"0035e00000xFxHkAAK","xFxHkAAK","Miami","60-69","Female",NA,NA
"0035e00000xG2WPAA0","xG2WPAA0","Miami","70-79","Female",NA,NA
"0035e00000xG5FQAA0","xG5FQAA0","Miami","60-69","Female",NA,NA
"0035e00000xG5ZpAAK","xG5ZpAAK","Miami","70-79","Male",NA,NA
"0035e00000xG64dAAC","xG64dAAC","Miami","70-79","Female",NA,NA
"0035e00000xG7FJAA0","xG7FJAA0","Miami","50-59","Female",NA,NA
"0035e00000xGBSVAA4","xGBSVAA4","Miami","70-79","Female",NA,NA
"0035e00000xGCvKAAW","xGCvKAAW","Miami","60-69","Female",NA,NA
"0035e00000xGD2aAAG","xGD2aAAG","Miami","50-59","Female",NA,NA
"0035e00000xGQs6AAG","xGQs6AAG","Miami","70-79","Female",NA,NA
"0035e00000xGUmUAAW","xGUmUAAW","Miami","60-69","Female",NA,NA
"0035e00000xGViOAAW","xGViOAAW","Miami","60-69","Female",NA,NA
"0035e00000xGcUiAAK","xGcUiAAK","Miami","60-69","Male",NA,NA
"0035e00000xGeNZAA0","xGeNZAA0","Miami","50-59","Male",NA,NA
"0035e00000xGeRgAAK","xGeRgAAK","Miami","60-69","Female",NA,NA
"0035e00000xGea9AAC","xGea9AAC","Miami","70-79","Female",NA,NA
"0035e00000xGf0CAAS","xGf0CAAS","Miami","60-69","Female",NA,NA
"0035e00000xGfTOAA0","xGfTOAA0","Miami","50-59","Female",NA,NA
"0035e00000xGgu6AAC","xGgu6AAC","Miami","70-79","Male",NA,NA
"0035e00000xGpLXAA0","xGpLXAA0","Miami","50-59","Female",NA,NA
"0035e00000xGrCQAA0","xGrCQAA0","Miami","60-69","Female",NA,NA
"0035e00000xGrmsAAC","xGrmsAAC","Miami","50-59","Female",NA,NA
"0035e00000xGrwSAAS","xGrwSAAS","Miami","50-59","Female",NA,NA
"0035e00000xGwFuAAK","xGwFuAAK","Miami","70-79","Male",NA,NA
"0035e00000xGyRiAAK","xGyRiAAK","Miami","50-59","Female",NA,NA
"0035e00000xH0zYAAS","xH0zYAAS","Miami","50-59","Female",NA,NA
"0035e00000xH2WTAA0","xH2WTAA0","Miami","70-79","Female",NA,NA
"0035e00000xH2lOAAS","xH2lOAAS","Miami","50-59","Female",NA,NA
"0035e00000xHBXiAAO","xHBXiAAO","Miami","50-59","Female",NA,NA
"0035e00000xHCgyAAG","xHCgyAAG","Miami","50-59","Female",NA,NA
"0035e00000xHCpHAAW","xHCpHAAW","Miami","50-59","Female",NA,NA
"0035e00000xHI0RAAW","xHI0RAAW","Miami","70-79","Female",NA,NA
"0035e00000z4xYMAAY","z4xYMAAY","Miami","60-69","Male",NA,NA
"0035e00000z52haAAA","z52haAAA","Miami","60-69","Female",NA,NA
"0035e00000z5HBcAAM","z5HBcAAM","Miami","70-79","Female",NA,NA
"0035e00000z5IK6AAM","z5IK6AAM","Miami","50-59","Female",NA,NA
"0035e00000z5JRIAA2","z5JRIAA2","Miami","50-59","Male",NA,NA
"0035e00000z5KBcAAM","z5KBcAAM","Miami","60-69","Female",NA,NA
"0035e00000z5QMhAAM","z5QMhAAM","Miami","50-59","Female",NA,NA
"0035e00000z5VXmAAM","z5VXmAAM","Miami","50-59","Female",NA,NA
"0035e00000z5WIEAA2","z5WIEAA2","Miami","70-79","Female",NA,NA
"0035e00000z5WsTAAU","z5WsTAAU","Miami","50-59","Female",NA,NA
"0035e00000z5YMuAAM","z5YMuAAM","Miami","60-69","Female",NA,NA
"0035e00000z5h7GAAQ","z5h7GAAQ","Miami","50-59","Female",NA,NA
"0035e00000z5itdAAA","z5itdAAA","Miami","50-59","Male",NA,NA
"0035e00000z5zH4AAI","z5zH4AAI","Miami","50-59","Male",NA,NA
"0035e00000z6G3cAAE","z6G3cAAE","Miami","50-59","Male",NA,NA
"0035e00000z6KzxAAE","z6KzxAAE","Miami","70-79","Female",NA,NA
"0035e00000z6LMrAAM","z6LMrAAM","Miami","50-59","Female",NA,NA
"0035e00000z6MgnAAE","z6MgnAAE","Miami","70-79","Female",NA,NA
"0035e00000z6cPYAAY","z6cPYAAY","Miami","70-79","Male",NA,NA
"0035e00000z6e6TAAQ","z6e6TAAQ","Miami","50-59","Male",NA,NA
"0035e00000z6oakAAA","z6oakAAA","Miami","50-59","Female",NA,NA
"0035e00000z6tjwAAA","z6tjwAAA","Miami","60-69","Male",NA,NA
"0035e00000z6zRWAAY","z6zRWAAY","Miami","60-69","Female",NA,NA
"0035e00000z6zegAAA","z6zegAAA","Miami","50-59","Female",NA,NA
"0035e00000z70AGAAY","z70AGAAY","Miami","60-69","Female",NA,NA
"0035e00000z72EeAAI","z72EeAAI","Miami","50-59","Female",NA,NA
"0035e00000z737jAAA","z737jAAA","Miami","60-69","Female",NA,NA
"0035e00000z73grAAA","z73grAAA","Miami","70-79","Female",NA,NA
"0035e00000z74afAAA","z74afAAA","Miami","60-69","Female",NA,NA
"0035e00000z783VAAQ","z783VAAQ","Miami","60-69","Female",NA,NA
"0035e00000z7FrKAAU","z7FrKAAU","Miami","70-79","Female",NA,NA
"0035e00000z7ICFAA2","z7ICFAA2","Miami","50-59","Male",NA,NA
"0035e00000z7K82AAE","z7K82AAE","Miami","50-59","Male",NA,NA
"0035e00000z7YwfAAE","z7YwfAAE","Miami","60-69","Female",NA,NA
"0035e00000z7bpZAAQ","z7bpZAAQ","Miami","70-79","Female",NA,NA
"0035e00000z7d2UAAQ","z7d2UAAQ","Miami","60-69","Female",NA,NA
"0035e00000z7dpMAAQ","z7dpMAAQ","Miami","60-69","Female",NA,NA
"0035e00000z7e0DAAQ","z7e0DAAQ","Miami","50-59","Female",NA,NA
"0035e00000z7rYrAAI","z7rYrAAI","Miami","50-59","Female",NA,NA
"0035e00000z7sWYAAY","z7sWYAAY","Miami","50-59","Female",NA,NA
"0035e00000z7sZDAAY","z7sZDAAY","Miami","60-69","Female",NA,NA
"0035e00000z7xM2AAI","z7xM2AAI","Miami","60-69","Female",NA,NA
"0035e00000z7zZDAAY","z7zZDAAY","Miami","50-59","Female",NA,NA
"0035e00000z80STAAY","z80STAAY","Miami","70-79","Female",NA,NA
"0035e00000z85nqAAA","z85nqAAA","Miami","50-59","Female",NA,NA
"0035e00000z85pNAAQ","z85pNAAQ","Miami","50-59","Female",NA,NA
"0035e00000z88VXAAY","z88VXAAY","Miami","70-79","Female",NA,NA
"0035e00000z88uQAAQ","z88uQAAQ","Miami","50-59","Female",NA,NA
"0035e00000z89lFAAQ","z89lFAAQ","Miami","60-69","Male",NA,NA
"0035e00000z8AVcAAM","z8AVcAAM","Miami","60-69","Female",NA,NA
"0035e00000z8Og6AAE","z8Og6AAE","Miami","50-59","Male",NA,NA
"0035e00000z8PTJAA2","z8PTJAA2","Miami","60-69","Female",NA,NA
"0035e00000z8aTUAAY","z8aTUAAY","Miami","60-69","Female",NA,NA
"0035e00000z8cdQAAQ","z8cdQAAQ","Miami","50-59","Female",NA,NA
"0035e00000z8g5fAAA","z8g5fAAA","Miami","50-59","Female",NA,NA
"0035e00000z8gD9AAI","z8gD9AAI","Miami","70-79","Male",NA,NA
"0035e00000z8mWkAAI","z8mWkAAI","Miami","50-59","Female",NA,NA
"0035e00000z8ukdAAA","z8ukdAAA","Miami","70-79","Female",NA,NA
"0035e000011JQNvAAO","1JQNvAAO","Miami","60-69","Female",NA,NA
"0035e000011Jc6oAAC","1Jc6oAAC","Miami","50-59","Male",NA,NA
"0035e000011JdffAAC","1JdffAAC","Miami","50-59","Female",NA,NA
"0035e000011JdkpAAC","1JdkpAAC","Miami","50-59","Female",NA,NA
"0035e000011JdxeAAC","1JdxeAAC","Miami","70-79","Female",NA,NA
"0035e000011zOHcAAM","1zOHcAAM","Miami","70-79","Male",NA,NA
"0035e000011zOzgAAE","1zOzgAAE","Miami","70-79","Female",NA,NA
"0035e000011zeQMAAY","1zeQMAAY","Miami","70-79","Female",NA,NA
"0035e0000122CVPAA2","22CVPAA2","Miami","70-79","Female",NA,NA
"0035e000012Ccd9AAC","2Ccd9AAC","Miami","50-59","Female",NA,NA
"0035e000012E2fpAAC","2E2fpAAC","Miami","50-59","Female",NA,NA
"0035e000012E7DVAA0","2E7DVAA0","Miami","50-59","Female",NA,NA
"0035e000012fEFEAA2","2fEFEAA2","Miami","60-69","Female",NA,NA
"0035e000012fFITAA2","2fFITAA2","Miami","50-59","Female",NA,NA
"0035e000012fNz4AAE","2fNz4AAE","Miami","70-79","Female",NA,NA
"0035e000012fPvTAAU","2fPvTAAU","Miami","60-69","Female",NA,NA
"0035e000012gFH7AAM","2gFH7AAM","Miami","60-69","Female",NA,NA
"0035e000012gROgAAM","2gROgAAM","Miami","60-69","Female",NA,NA
"0035e000012gchcAAA","2gchcAAA","Miami","70-79","Female",NA,NA
"0035e000012gfvSAAQ","2gfvSAAQ","Miami","60-69","Female",NA,NA
"0035e000012hZxuAAE","2hZxuAAE","Miami","50-59","Male",NA,NA
"0035e0000136NagAAE","36NagAAE","Miami","50-59","Male",NA,NA
"0035e0000136XyjAAE","36XyjAAE","Miami","70-79","Intersex",NA,NA
"0035e0000136b1hAAA","36b1hAAA","Miami","50-59","Female",NA,NA
"0035e00001372xpAAA","372xpAAA","Miami","70-79","Female",NA,NA
"0035e0000137898AAA","37898AAA","Miami","60-69","Female",NA,NA
"0035e0000137HcdAAE","37HcdAAE","Miami","70-79","Female",NA,NA
"0035e0000137JyDAAU","37JyDAAU","Miami","50-59","Female",NA,NA
"0035e0000137YgMAAU","37YgMAAU","Miami","60-69","Female",NA,NA
"0035e0000137cMlAAI","37cMlAAI","Miami","60-69","Female",NA,NA
"0035e000013CssOAAS","3CssOAAS","Miami","50-59","Female",NA,NA
"0035e000013EKugAAG","3EKugAAG","Miami","50-59","Female",NA,NA
"0035e000013ETo3AAG","3ETo3AAG","Miami","60-69","Male",NA,NA
"0035e000013EiJ7AAK","3EiJ7AAK","Miami","60-69","Male",NA,NA
"0035e000013El0GAAS","3El0GAAS","Miami","60-69","Female",NA,NA
"0035e000013EuLcAAK","3EuLcAAK","Miami","50-59","Female",NA,NA
"0035e000013EuSOAA0","3EuSOAA0","Miami","50-59","Female",NA,NA
"0035e000013Ev8tAAC","3Ev8tAAC","Miami","50-59","Female",NA,NA
"0035e000013G8JhAAK","3G8JhAAK","Miami","50-59","Female",NA,NA
"0035e000013G8xEAAS","3G8xEAAS","Miami","50-59","Female",NA,NA
"0035e000013GMdDAAW","3GMdDAAW","Miami","60-69","Female",NA,NA
"0035e000013GMk4AAG","3GMk4AAG","Miami","70-79","Female",NA,NA
"0035e000013GMtLAAW","3GMtLAAW","Miami","50-59","Female",NA,NA
"0035e000013GRlwAAG","3GRlwAAG","Miami","50-59","Male",NA,NA
"0035e000014786OAAQ","4786OAAQ","Miami","60-69","Male",NA,NA
"0035e0000147DDyAAM","47DDyAAM","Miami","70-79","Female",NA,NA
"0035e0000147HtvAAE","47HtvAAE","Miami","70-79","Female",NA,NA
"0035e0000147HuKAAU","47HuKAAU","Miami","60-69","Female",NA,NA
"0035e0000147JWKAA2","47JWKAA2","Miami","70-79","Female",NA,NA
"0035e0000147PmOAAU","47PmOAAU","Miami","70-79","Female",NA,NA
"0035e0000147aRKAAY","47aRKAAY","Miami","50-59","Female",NA,NA
"0035e00000r8aGQAAY","r8aGQAAY","Tucson","60-69","Female",NA,NA
"0035e00000r8edVAAQ","r8edVAAQ","Tucson","60-69","Female",NA,NA
"0035e00000r8eqUAAQ","r8eqUAAQ","Tucson","70-79","Female",NA,NA
"0035e00000r8qZ7AAI","r8qZ7AAI","Tucson","50-59","Female",NA,NA
"0035e00000r93pAAAQ","r93pAAAQ","Tucson","70-79","Female",NA,NA
"0035e00000r97jHAAQ","r97jHAAQ","Tucson","60-69","Female",NA,NA
"0035e00000sjGtAAAU","sjGtAAAU","Tucson","50-59","Female",NA,NA
"0035e00000sjgsAAAQ","sjgsAAAQ","Tucson","60-69","Female",NA,NA
"0035e00000skpm1AAA","skpm1AAA","Tucson","60-69","Female",NA,NA
"0035e00000skrSdAAI","skrSdAAI","Tucson","60-69","Female",NA,NA
"0035e00000skstIAAQ","skstIAAQ","Tucson","60-69","Female",NA,NA
"0035e00000skwM6AAI","skwM6AAI","Tucson","50-59","Female",NA,NA
"0035e00000skxzzAAA","skxzzAAA","Tucson","60-69","Female",NA,NA
"0035e00000sl0XWAAY","sl0XWAAY","Tucson","70-79","Female",NA,NA
"0035e00000sl6IrAAI","sl6IrAAI","Tucson","60-69","Female",NA,NA
"0035e00000slCqGAAU","slCqGAAU","Tucson","70-79","Female",NA,NA
"0035e00000slLI8AAM","slLI8AAM","Tucson","50-59","Female",NA,NA
"0035e00000slNtpAAE","slNtpAAE","Tucson","50-59","Female",NA,NA
"0035e00000slgv8AAA","slgv8AAA","Tucson","50-59","Female",NA,NA
"0035e00000slnKxAAI","slnKxAAI","Tucson","70-79","Female",NA,NA
"0035e00000slnj4AAA","slnj4AAA","Tucson","60-69","Female",NA,NA
"0035e00000slorZAAQ","slorZAAQ","Tucson","70-79","Female",NA,NA
"0035e00000sm4zQAAQ","sm4zQAAQ","Tucson","60-69","Male",NA,NA
"0035e00000smFwKAAU","smFwKAAU","Tucson","70-79","Female",NA,NA
"0035e00000smJZUAA2","smJZUAA2","Tucson","50-59","Female",NA,NA
"0035e00000smJiCAAU","smJiCAAU","Tucson","60-69","Female",NA,NA
"0035e00000smLFyAAM","smLFyAAM","Tucson","70-79","Female",NA,NA
"0035e00000smLu3AAE","smLu3AAE","Tucson","70-79","Female",NA,NA
"0035e00000smVJEAA2","smVJEAA2","Tucson","60-69","Male",NA,NA
"0035e00000smY0dAAE","smY0dAAE","Tucson","50-59","Female",NA,NA
"0035e00000vHuF4AAK","vHuF4AAK","Tucson","70-79","Female",NA,NA
"0035e00000vHz7lAAC","vHz7lAAC","Tucson","70-79","Male",NA,NA
"0035e00000vI1RLAA0","vI1RLAA0","Tucson","70-79","Female",NA,NA
"0035e00000vI7X2AAK","vI7X2AAK","Tucson","50-59","Female",NA,NA
"0035e00000vIPIiAAO","vIPIiAAO","Tucson","50-59","Male",NA,NA
"0035e00000vIXZVAA4","vIXZVAA4","Tucson","50-59","Male",NA,NA
"0035e00000vIYxSAAW","vIYxSAAW","Tucson","60-69","Female",NA,NA
"0035e00000vIaWiAAK","vIaWiAAK","Tucson","50-59","Female",NA,NA
"0035e00000vIacuAAC","vIacuAAC","Tucson","60-69","Female",NA,NA
"0035e00000vIbf1AAC","vIbf1AAC","Tucson","70-79","Female",NA,NA
"0035e00000vIcpbAAC","vIcpbAAC","Tucson","70-79","Male",NA,NA
"0035e00000vIdTYAA0","vIdTYAA0","Tucson","60-69","Female",NA,NA
"0035e00000vIemAAAS","vIemAAAS","Tucson","70-79","Female",NA,NA
"0035e00000vIfRNAA0","vIfRNAA0","Tucson","70-79","Female",NA,NA
"0035e00000vIg7dAAC","vIg7dAAC","Tucson","50-59","Female",NA,NA
"0035e00000vIie0AAC","vIie0AAC","Tucson","60-69","Female",NA,NA
"0035e00000vIif8AAC","vIif8AAC","Tucson","60-69","Female",NA,NA
"0035e00000vIizKAAS","vIizKAAS","Tucson","60-69","Male",NA,NA
"0035e00000vImKLAA0","vImKLAA0","Tucson","50-59","Female",NA,NA
"0035e00000vJ25MAAS","vJ25MAAS","Tucson","60-69","Male",NA,NA
"0035e00000vJ2g8AAC","vJ2g8AAC","Tucson","50-59","Male",NA,NA
"0035e00000vJ7xKAAS","vJ7xKAAS","Tucson","60-69","Female",NA,NA
"0035e00000vJ7xUAAS","vJ7xUAAS","Tucson","60-69","Female",NA,NA
"0035e00000vJDCTAA4","vJDCTAA4","Tucson","70-79","Female",NA,NA
"0035e00000vJLfjAAG","vJLfjAAG","Tucson","60-69","Female",NA,NA
"0035e00000vJUOYAA4","vJUOYAA4","Tucson","60-69","Female",NA,NA
"0035e00000vJVInAAO","vJVInAAO","Tucson","70-79","Female",NA,NA
"0035e00000vJcVnAAK","vJcVnAAK","Tucson","70-79","Female",NA,NA
"0035e00000vJjEqAAK","vJjEqAAK","Tucson","60-69","Female",NA,NA
"0035e00000vJlFmAAK","vJlFmAAK","Tucson","70-79","Female",NA,NA
"0035e00000vJqE2AAK","vJqE2AAK","Tucson","60-69","Male",NA,NA
"0035e00000vK1DAAA0","vK1DAAA0","Tucson","70-79","Male",NA,NA
"0035e00000vK6uuAAC","vK6uuAAC","Tucson","60-69","Female",NA,NA
"0035e00000vKAxMAAW","vKAxMAAW","Tucson","60-69","Male",NA,NA
"0035e00000vKBQXAA4","vKBQXAA4","Tucson","60-69","Female",NA,NA
"0035e00000vKDJzAAO","vKDJzAAO","Tucson","60-69","Female",NA,NA
"0035e00000vKDU4AAO","vKDU4AAO","Tucson","50-59","Female",NA,NA
"0035e00000vKDa7AAG","vKDa7AAG","Tucson","60-69","Female",NA,NA
"0035e00000vKDb5AAG","vKDb5AAG","Tucson","60-69","Male",NA,NA
"0035e00000vKEKTAA4","vKEKTAA4","Tucson","60-69","Male",NA,NA
"0035e00000vKGypAAG","vKGypAAG","Tucson","50-59","Female",NA,NA
"0035e00000vKHt7AAG","vKHt7AAG","Tucson","50-59","Female",NA,NA
"0035e00000vKQNeAAO","vKQNeAAO","Tucson","60-69","Female",NA,NA
"0035e00000vKVffAAG","vKVffAAG","Tucson","60-69","Female",NA,NA
"0035e00000vKdVXAA0","vKdVXAA0","Tucson","60-69","Male",NA,NA
"0035e00000vKhz9AAC","vKhz9AAC","Tucson","60-69","Male",NA,NA
"0035e00000vKiOoAAK","vKiOoAAK","Tucson","50-59","Female",NA,NA
"0035e00000vKjWWAA0","vKjWWAA0","Tucson","50-59","Female",NA,NA
"0035e00000vKjglAAC","vKjglAAC","Tucson","50-59","Female",NA,NA
"0035e00000vKjiXAAS","vKjiXAAS","Tucson","70-79","Female",NA,NA
"0035e00000vKmVMAA0","vKmVMAA0","Tucson","60-69","Female",NA,NA
"0035e00000vKnMvAAK","vKnMvAAK","Tucson","50-59","Male",NA,NA
"0035e00000vKxXeAAK","vKxXeAAK","Tucson","70-79","Female",NA,NA
"0035e00000vKyPEAA0","vKyPEAA0","Tucson","50-59","Male",NA,NA
"0035e00000vKzCBAA0","vKzCBAA0","Tucson","60-69","Male",NA,NA
"0035e00000vLA8DAAW","vLA8DAAW","Tucson","70-79","Female",NA,NA
"0035e00000vLz1vAAC","vLz1vAAC","Tucson","50-59","Male",NA,NA
"0035e00000vM02VAAS","vM02VAAS","Tucson","50-59","Female",NA,NA
"0035e00000wt4hNAAQ","wt4hNAAQ","Tucson","70-79","Female",NA,NA
"0035e00000wtDuzAAE","wtDuzAAE","Tucson","50-59","Female",NA,NA
"0035e00000wtLZMAA2","wtLZMAA2","Tucson","60-69","Female",NA,NA
"0035e00000wtLhVAAU","wtLhVAAU","Tucson","50-59","Male",NA,NA
"0035e00000wtX2sAAE","wtX2sAAE","Tucson","60-69","Female",NA,NA
"0035e00000wtegRAAQ","wtegRAAQ","Tucson","70-79","Female",NA,NA
"0035e00000wuGm6AAE","wuGm6AAE","Tucson","60-69","Female",NA,NA
"0035e00000wuJMFAA2","wuJMFAA2","Tucson","60-69","Female",NA,NA
"0035e00000wuUQAAA2","wuUQAAA2","Tucson","50-59","Female",NA,NA
"0035e00000xFo9FAAS","xFo9FAAS","Tucson","50-59","Female",NA,NA
"0035e00000xFoj1AAC","xFoj1AAC","Tucson","70-79","Male",NA,NA
"0035e00000xFwMoAAK","xFwMoAAK","Tucson","50-59","Female",NA,NA
"0035e00000xFzCPAA0","xFzCPAA0","Tucson","60-69","Female",NA,NA
"0035e00000xG4amAAC","xG4amAAC","Tucson","60-69","Female",NA,NA
"0035e00000xGC5OAAW","xGC5OAAW","Tucson","50-59","Female",NA,NA
"0035e00000xGXesAAG","xGXesAAG","Tucson","60-69","Female",NA,NA
"0035e00000xGXgPAAW","xGXgPAAW","Tucson","60-69","Female",NA,NA
"0035e00000xGYPeAAO","xGYPeAAO","Tucson","60-69","Female",NA,NA
"0035e00000xGpuhAAC","xGpuhAAC","Tucson","70-79","Female",NA,NA
"0035e00000xH8FdAAK","xH8FdAAK","Tucson","50-59","Female",NA,NA
"0035e00000xHEE8AAO","xHEE8AAO","Tucson","70-79","Male",NA,NA
"0035e00000xHEEIAA4","xHEEIAA4","Tucson","70-79","Female",NA,NA
"0035e00000xHGvzAAG","xHGvzAAG","Tucson","70-79","Male",NA,NA
"0035e00000z4qZaAAI","z4qZaAAI","Tucson","70-79","Female",NA,NA
"0035e00000z4yErAAI","z4yErAAI","Tucson","60-69","Female",NA,NA
"0035e00000z5087AAA","z5087AAA","Tucson","60-69","Female",NA,NA
"0035e00000z50XWAAY","z50XWAAY","Tucson","60-69","Female",NA,NA
"0035e00000z51XrAAI","z51XrAAI","Tucson","70-79","Male",NA,NA
"0035e00000z597DAAQ","z597DAAQ","Tucson","60-69","Female",NA,NA
"0035e00000z5ASFAA2","z5ASFAA2","Tucson","70-79","Female",NA,NA
"0035e00000z5AXPAA2","z5AXPAA2","Tucson","50-59","Female",NA,NA
"0035e00000z5AYIAA2","z5AYIAA2","Tucson","70-79","Female",NA,NA
"0035e00000z5AcFAAU","z5AcFAAU","Tucson","50-59","Female",NA,NA
"0035e00000z5DI6AAM","z5DI6AAM","Tucson","60-69","Female",NA,NA
"0035e00000z5HrYAAU","z5HrYAAU","Tucson","60-69","Female",NA,NA
"0035e00000z5Ym3AAE","z5Ym3AAE","Tucson","70-79","Female",NA,NA
"0035e00000z5c5NAAQ","z5c5NAAQ","Tucson","70-79","Female",NA,NA
"0035e00000z5dflAAA","z5dflAAA","Tucson","70-79","Female",NA,NA
"0035e00000z5ynUAAQ","z5ynUAAQ","Tucson","70-79","Female",NA,NA
"0035e00000z5yvrAAA","z5yvrAAA","Tucson","70-79","Male",NA,NA
"0035e00000z5zYsAAI","z5zYsAAI","Tucson","60-69","Female",NA,NA
"0035e00000z62MBAAY","z62MBAAY","Tucson","70-79","Female",NA,NA
"0035e00000z641KAAQ","z641KAAQ","Tucson","70-79","Female",NA,NA
"0035e00000z67lxAAA","z67lxAAA","Tucson","70-79","Female",NA,NA
"0035e00000z69cLAAQ","z69cLAAQ","Tucson","70-79","Male",NA,NA
"0035e00000z6A1uAAE","z6A1uAAE","Tucson","60-69","Female",NA,NA
"0035e00000z6BA9AAM","z6BA9AAM","Tucson","70-79","Female",NA,NA
"0035e00000z6BZAAA2","z6BZAAA2","Tucson","50-59","Female",NA,NA
"0035e00000z6CbGAAU","z6CbGAAU","Tucson","50-59","Female",NA,NA
"0035e00000z6GSoAAM","z6GSoAAM","Tucson","60-69","Female",NA,NA
"0035e00000z6GZOAA2","z6GZOAA2","Tucson","60-69","Male",NA,NA
"0035e00000z6GaCAAU","z6GaCAAU","Tucson","60-69","Female",NA,NA
"0035e00000z6GcIAAU","z6GcIAAU","Tucson","70-79","Female",NA,NA
"0035e00000z6GnQAAU","z6GnQAAU","Tucson","60-69","Male",NA,NA
"0035e00000z6H55AAE","z6H55AAE","Tucson","50-59","Female",NA,NA
"0035e00000z6H6EAAU","z6H6EAAU","Tucson","70-79","Female",NA,NA
"0035e00000z6HMQAA2","z6HMQAA2","Tucson","60-69","Female",NA,NA
"0035e00000z6IPLAA2","z6IPLAA2","Tucson","60-69","Female",NA,NA
"0035e00000z6ISyAAM","z6ISyAAM","Tucson","50-59","Male",NA,NA
"0035e00000z6J5vAAE","z6J5vAAE","Tucson","60-69","Male",NA,NA
"0035e00000z6JBZAA2","z6JBZAA2","Tucson","70-79","Female",NA,NA
"0035e00000z6K9yAAE","z6K9yAAE","Tucson","60-69","Male",NA,NA
"0035e00000z6KLaAAM","z6KLaAAM","Tucson","70-79","Female",NA,NA
"0035e00000z6Kl7AAE","z6Kl7AAE","Tucson","50-59","Female",NA,NA
"0035e00000z6KmyAAE","z6KmyAAE","Tucson","70-79","Female",NA,NA
"0035e00000z6KwLAAU","z6KwLAAU","Tucson","60-69","Female",NA,NA
"0035e00000z6L7NAAU","z6L7NAAU","Tucson","60-69","Male",NA,NA
"0035e00000z6LeqAAE","z6LeqAAE","Tucson","70-79","Male",NA,NA
"0035e00000z6MIiAAM","z6MIiAAM","Tucson","60-69","Female",NA,NA
"0035e00000z6MNvAAM","z6MNvAAM","Tucson","60-69","Female",NA,NA
"0035e00000z6MXHAA2","z6MXHAA2","Tucson","60-69","Female",NA,NA
"0035e00000z6MfpAAE","z6MfpAAE","Tucson","50-59","Male",NA,NA
"0035e00000z6MjcAAE","z6MjcAAE","Tucson","60-69","Female",NA,NA
"0035e00000z6MrCAAU","z6MrCAAU","Tucson","70-79","Male",NA,NA
"0035e00000z6Mu7AAE","z6Mu7AAE","Tucson","70-79","Female",NA,NA
"0035e00000z6P1bAAE","z6P1bAAE","Tucson","70-79","Female",NA,NA
"0035e00000z6PEVAA2","z6PEVAA2","Tucson","60-69","Female",NA,NA
"0035e00000z6QaDAAU","z6QaDAAU","Tucson","70-79","Female",NA,NA
"0035e00000z6SSgAAM","z6SSgAAM","Tucson","60-69","Female",NA,NA
"0035e00000z6SliAAE","z6SliAAE","Tucson","70-79","Female",NA,NA
"0035e00000z6SywAAE","z6SywAAE","Tucson","70-79","Female",NA,NA
"0035e00000z6T0dAAE","z6T0dAAE","Tucson","60-69","Female",NA,NA
"0035e00000z6T46AAE","z6T46AAE","Tucson","70-79","Female",NA,NA
"0035e00000z6TTpAAM","z6TTpAAM","Tucson","70-79","Male",NA,NA
"0035e00000z6W0IAAU","z6W0IAAU","Tucson","70-79","Female",NA,NA
"0035e00000z6bUhAAI","z6bUhAAI","Tucson","50-59","Female",NA,NA
"0035e00000z6c55AAA","z6c55AAA","Tucson","70-79","Male",NA,NA
"0035e00000z6cGqAAI","z6cGqAAI","Tucson","50-59","Female",NA,NA
"0035e00000z6eXUAAY","z6eXUAAY","Tucson","70-79","Female",NA,NA
"0035e00000z6f87AAA","z6f87AAA","Tucson","70-79","Female",NA,NA
"0035e00000z6gEOAAY","z6gEOAAY","Tucson","60-69","Female",NA,NA
"0035e00000z6hXhAAI","z6hXhAAI","Tucson","60-69","Female",NA,NA
"0035e00000z6hpeAAA","z6hpeAAA","Tucson","60-69","Female",NA,NA
"0035e00000z6jCtAAI","z6jCtAAI","Tucson","70-79","Male",NA,NA
"0035e00000z6jttAAA","z6jttAAA","Tucson","70-79","Male",NA,NA
"0035e00000z6m08AAA","z6m08AAA","Tucson","50-59","Female",NA,NA
"0035e00000z6nZYAAY","z6nZYAAY","Tucson","60-69","Male",NA,NA
"0035e00000z6nbAAAQ","z6nbAAAQ","Tucson","60-69","Female",NA,NA
"0035e00000z6oywAAA","z6oywAAA","Tucson","50-59","Female",NA,NA
"0035e00000z6q6TAAQ","z6q6TAAQ","Tucson","60-69","Female",NA,NA
"0035e00000z6qQrAAI","z6qQrAAI","Tucson","60-69","Female",NA,NA
"0035e00000z6rBbAAI","z6rBbAAI","Tucson","70-79","Male",NA,NA
"0035e00000z6sYLAAY","z6sYLAAY","Tucson","70-79","Female",NA,NA
"0035e00000z6t6pAAA","z6t6pAAA","Tucson","70-79","Female",NA,NA
"0035e00000z6tFNAAY","z6tFNAAY","Tucson","60-69","Female",NA,NA
"0035e00000z6tM4AAI","z6tM4AAI","Tucson","60-69","Female",NA,NA
"0035e00000z6vrRAAQ","z6vrRAAQ","Tucson","60-69","Female",NA,NA
"0035e00000z6yVDAAY","z6yVDAAY","Tucson","70-79","Female",NA,NA
"0035e00000z6ynhAAA","z6ynhAAA","Tucson","50-59","Female",NA,NA
"0035e00000z77AVAAY","z77AVAAY","Tucson","70-79","Female",NA,NA
"0035e00000z78jkAAA","z78jkAAA","Tucson","70-79","Male",NA,NA
"0035e00000z79qkAAA","z79qkAAA","Tucson","60-69","Female",NA,NA
"0035e00000z79s7AAA","z79s7AAA","Tucson","60-69","Male",NA,NA
"0035e00000z7ABxAAM","z7ABxAAM","Tucson","70-79","Female",NA,NA
"0035e00000z7DLWAA2","z7DLWAA2","Tucson","60-69","Male",NA,NA
"0035e00000z7DqAAAU","z7DqAAAU","Tucson","60-69","Male",NA,NA
"0035e00000z7DrwAAE","z7DrwAAE","Tucson","60-69","Female",NA,NA
"0035e00000z7FsrAAE","z7FsrAAE","Tucson","70-79","Male",NA,NA
"0035e00000z7G2wAAE","z7G2wAAE","Tucson","60-69","Male",NA,NA
"0035e00000z7HKSAA2","z7HKSAA2","Tucson","60-69","Female",NA,NA
"0035e00000z7I3iAAE","z7I3iAAE","Tucson","70-79","Female",NA,NA
"0035e00000z7JPWAA2","z7JPWAA2","Tucson","60-69","Male",NA,NA
"0035e00000z7JpZAAU","z7JpZAAU","Tucson","70-79","Female",NA,NA
"0035e00000z7N36AAE","z7N36AAE","Tucson","60-69","Female",NA,NA
"0035e00000z7O1BAAU","z7O1BAAU","Tucson","50-59","Male",NA,NA
"0035e00000z7QLXAA2","z7QLXAA2","Tucson","70-79","Female",NA,NA
"0035e00000z7QguAAE","z7QguAAE","Tucson","70-79","Female",NA,NA
"0035e00000z7U4PAAU","z7U4PAAU","Tucson","60-69","Female",NA,NA
"0035e00000z7VpHAAU","z7VpHAAU","Tucson","50-59","Female",NA,NA
"0035e00000z7ZmWAAU","z7ZmWAAU","Tucson","70-79","Female",NA,NA
"0035e00000z7a7AAAQ","z7a7AAAQ","Tucson","60-69","Female",NA,NA
"0035e00000z7bjUAAQ","z7bjUAAQ","Tucson","70-79","Female",NA,NA
"0035e00000z7d3cAAA","z7d3cAAA","Tucson","50-59","Female",NA,NA
"0035e00000z7dEbAAI","z7dEbAAI","Tucson","70-79","Female",NA,NA
"0035e00000z7dF9AAI","z7dF9AAI","Tucson","70-79","Male",NA,NA
"0035e00000z7dFYAAY","z7dFYAAY","Tucson","60-69","Male",NA,NA
"0035e00000z7h18AAA","z7h18AAA","Tucson","50-59","Male",NA,NA
"0035e00000z7jiuAAA","z7jiuAAA","Tucson","70-79","Female",NA,NA
"0035e00000z7kigAAA","z7kigAAA","Tucson","70-79","Female",NA,NA
"0035e00000z7nRXAAY","z7nRXAAY","Tucson","60-69","Female",NA,NA
"0035e00000z7nXVAAY","z7nXVAAY","Tucson","60-69","Female",NA,NA
"0035e00000z7ob3AAA","z7ob3AAA","Tucson","60-69","Female",NA,NA
"0035e00000z7okBAAQ","z7okBAAQ","Tucson","60-69","Female",NA,NA
"0035e00000z7pRiAAI","z7pRiAAI","Tucson","60-69","Female",NA,NA
"0035e00000z7sbsAAA","z7sbsAAA","Tucson","70-79","Female",NA,NA
"0035e00000z7sj3AAA","z7sj3AAA","Tucson","70-79","Female",NA,NA
"0035e00000z7tSSAAY","z7tSSAAY","Tucson","70-79","Male",NA,NA
"0035e00000z7vlJAAQ","z7vlJAAQ","Tucson","60-69","Female",NA,NA
"0035e00000z7xjzAAA","z7xjzAAA","Tucson","70-79","Female",NA,NA
"0035e00000z820uAAA","z820uAAA","Tucson","50-59","Female",NA,NA
"0035e00000z87brAAA","z87brAAA","Tucson","70-79","Female",NA,NA
"0035e00000z88rCAAQ","z88rCAAQ","Tucson","70-79","Female",NA,NA
"0035e00000z893sAAA","z893sAAA","Tucson","70-79","Male",NA,NA
"0035e00000z8DzPAAU","z8DzPAAU","Tucson","60-69","Male",NA,NA
"0035e00000z8IEdAAM","z8IEdAAM","Tucson","60-69","Female",NA,NA
"0035e00000z8OqCAAU","z8OqCAAU","Tucson","50-59","Female",NA,NA
"0035e00000z8QHGAA2","z8QHGAA2","Tucson","50-59","Female",NA,NA
"0035e00000z8TziAAE","z8TziAAE","Tucson","70-79","Female",NA,NA
"0035e00000z8W9xAAE","z8W9xAAE","Tucson","50-59","Male",NA,NA
"0035e00000z8elIAAQ","z8elIAAQ","Tucson","60-69","Male",NA,NA
"0035e00000z8iYsAAI","z8iYsAAI","Tucson","60-69","Female",NA,NA
"0035e00000z8nI6AAI","z8nI6AAI","Tucson","70-79","Female",NA,NA
"0035e00000z8rxcAAA","z8rxcAAA","Tucson","60-69","Female",NA,NA
"0035e000011JQ74AAG","1JQ74AAG","Tucson","50-59","Female",NA,NA
"0035e000011JjwmAAC","1JjwmAAC","Tucson","70-79","Female",NA,NA
"0035e000011JjxLAAS","1JjxLAAS","Tucson","60-69","Female",NA,NA
"0035e000011zJLVAA2","1zJLVAA2","Tucson","60-69","Female",NA,NA
"0035e000012C6cqAAC","2C6cqAAC","Tucson","60-69","Female",NA,NA
"0035e000012C8MlAAK","2C8MlAAK","Tucson","50-59","Female",NA,NA
"0035e000012E6NKAA0","2E6NKAA0","Tucson","60-69","Female",NA,NA
"0035e000012E7vxAAC","2E7vxAAC","Tucson","60-69","Female",NA,NA
"0035e000012fBBpAAM","2fBBpAAM","Tucson","60-69","Male",NA,NA
"0035e000012fBHnAAM","2fBHnAAM","Tucson","60-69","Female",NA,NA
"0035e000012fBJ5AAM","2fBJ5AAM","Tucson","60-69","Female",NA,NA
"0035e000012fCaMAAU","2fCaMAAU","Tucson","60-69","Female",NA,NA
"0035e000012g7ppAAA","2g7ppAAA","Tucson","60-69","Male",NA,NA
"0035e000012gKYYAA2","2gKYYAA2","Tucson","70-79","Female",NA,NA
"0035e000012gh2IAAQ","2gh2IAAQ","Tucson","50-59","Female",NA,NA
"0035e000012hL7GAAU","2hL7GAAU","Tucson","50-59","Female",NA,NA
"0035e000012hMURAA2","2hMURAA2","Tucson","60-69","Female",NA,NA
"0035e000012hQ4AAAU","2hQ4AAAU","Tucson","50-59","Female",NA,NA
"0035e000012hR1YAAU","2hR1YAAU","Tucson","50-59","Female",NA,NA
"0035e0000136PMOAA2","36PMOAA2","Tucson","60-69","Female",NA,NA
"0035e0000136b4qAAA","36b4qAAA","Tucson","60-69","Female",NA,NA
"0035e0000136gdUAAQ","36gdUAAQ","Tucson","50-59","Female",NA,NA
"0035e0000136sQsAAI","36sQsAAI","Tucson","50-59","Female",NA,NA
"0035e00001377jWAAQ","377jWAAQ","Tucson",NA,"Female",NA,NA
"0035e0000137Q8bAAE","37Q8bAAE","Tucson","50-59","Female",NA,NA
"0035e0000137QPrAAM","37QPrAAM","Tucson","60-69","Female",NA,NA
"0035e0000137R4AAAU","37R4AAAU","Tucson","60-69","Female",NA,NA
"0035e000013EQkNAAW","3EQkNAAW","Tucson","50-59","Female",NA,NA
"0035e000013EmjQAAS","3EmjQAAS","Tucson","70-79","Female",NA,NA
"0035e000013Ep0JAAS","3Ep0JAAS","Tucson","60-69","Male",NA,NA
"0035e000013EpfWAAS","3EpfWAAS","Tucson","50-59","Female",NA,NA
"0035e000013FtK8AAK","3FtK8AAK","Tucson","70-79","Female",NA,NA
"0035e000013FwRxAAK","3FwRxAAK","Tucson","70-79","Female",NA,NA
"0035e000013FxEqAAK","3FxEqAAK","Tucson","70-79","Male",NA,NA
"0035e000013G5WsAAK","3G5WsAAK","Tucson","70-79","Female",NA,NA
"0035e000013GAV4AAO","3GAV4AAO","Tucson","60-69","Female",NA,NA
"0035e0000147LcdAAE","47LcdAAE","Tucson","50-59","Female",NA,NA
"0035e0000147fX9AAI","47fX9AAI","Tucson","60-69","Male",NA,NA
"0035e0000147hsYAAQ","47hsYAAQ","Tucson","60-69","Female",NA,NA
"0035e0000147iTqAAI","47iTqAAI","Tucson","50-59","Female",NA,NA
